INSERT INTO `users` (`id`, `nom`, `email`, `password`, `role`, `ville`, `status`, `telephone`) VALUES (20, 'Youssef Ben Ali', 'youssef.ben.ali859@example.com', '$2y$12$tbf0h1yxWzEmN65GQhXhkeu6CHEAwG4gFLB718XzPQoCEhdkCzfKa', 'client', 'Sidi Bouzid', 'approved', '26130111');
INSERT INTO `users` (`id`, `nom`, `email`, `password`, `role`, `ville`, `status`, `telephone`) VALUES (21, 'Nour Ayari', 'nour.ayari548@example.com', '$2y$12$tbf0h1yxWzEmN65GQhXhkeu6CHEAwG4gFLB718XzPQoCEhdkCzfKa', 'client', 'Sfax', 'approved', '28375019');
INSERT INTO `users` (`id`, `nom`, `email`, `password`, `role`, `ville`, `status`, `telephone`) VALUES (22, 'Hassan Zouari', 'hassan.zouari777@example.com', '$2y$12$tbf0h1yxWzEmN65GQhXhkeu6CHEAwG4gFLB718XzPQoCEhdkCzfKa', 'client', 'Tozeur', 'approved', '26373924');
INSERT INTO `users` (`id`, `nom`, `email`, `password`, `role`, `ville`, `status`, `telephone`) VALUES (23, 'Ali Gharbi', 'ali.gharbi333@example.com', '$2y$12$tbf0h1yxWzEmN65GQhXhkeu6CHEAwG4gFLB718XzPQoCEhdkCzfKa', 'client', 'Tataouine', 'approved', '29547394');
INSERT INTO `users` (`id`, `nom`, `email`, `password`, `role`, `ville`, `status`, `telephone`) VALUES (24, 'Asma Ben Ali', 'asma.ben.ali886@example.com', '$2y$12$tbf0h1yxWzEmN65GQhXhkeu6CHEAwG4gFLB718XzPQoCEhdkCzfKa', 'client', 'Gafsa', 'approved', '26560631');
INSERT INTO `users` (`id`, `nom`, `email`, `password`, `role`, `ville`, `status`, `telephone`) VALUES (25, 'Sami Trabelsi', 'sami.trabelsi531@example.com', '$2y$12$tbf0h1yxWzEmN65GQhXhkeu6CHEAwG4gFLB718XzPQoCEhdkCzfKa', 'client', 'Bizerte', 'approved', '26864907');
INSERT INTO `users` (`id`, `nom`, `email`, `password`, `role`, `ville`, `status`, `telephone`) VALUES (26, 'Fatma Gharbi', 'fatma.gharbi606@example.com', '$2y$12$tbf0h1yxWzEmN65GQhXhkeu6CHEAwG4gFLB718XzPQoCEhdkCzfKa', 'client', 'Gafsa', 'approved', '22178580');
INSERT INTO `users` (`id`, `nom`, `email`, `password`, `role`, `ville`, `status`, `telephone`) VALUES (27, 'Mehdi Ghazouani', 'mehdi.ghazouani543@example.com', '$2y$12$tbf0h1yxWzEmN65GQhXhkeu6CHEAwG4gFLB718XzPQoCEhdkCzfKa', 'client', 'Nabeul', 'approved', '24696244');
INSERT INTO `users` (`id`, `nom`, `email`, `password`, `role`, `ville`, `status`, `telephone`) VALUES (28, 'Mehdi Ayari', 'mehdi.ayari191@example.com', '$2y$12$tbf0h1yxWzEmN65GQhXhkeu6CHEAwG4gFLB718XzPQoCEhdkCzfKa', 'client', 'Gafsa', 'approved', '23562094');
INSERT INTO `users` (`id`, `nom`, `email`, `password`, `role`, `ville`, `status`, `telephone`) VALUES (29, 'Ali Driss', 'ali.driss936@example.com', '$2y$12$tbf0h1yxWzEmN65GQhXhkeu6CHEAwG4gFLB718XzPQoCEhdkCzfKa', 'client', 'Sidi Bouzid', 'approved', '27656641');
INSERT INTO `users` (`id`, `nom`, `email`, `password`, `role`, `ville`, `status`, `telephone`) VALUES (30, 'Farah Ben Ammar', 'farah.ben.ammar982@example.com', '$2y$12$tbf0h1yxWzEmN65GQhXhkeu6CHEAwG4gFLB718XzPQoCEhdkCzfKa', 'client', 'Kasserine', 'approved', '22249068');
INSERT INTO `users` (`id`, `nom`, `email`, `password`, `role`, `ville`, `status`, `telephone`) VALUES (31, 'Ahmed Ben Ammar', 'ahmed.ben.ammar151@example.com', '$2y$12$tbf0h1yxWzEmN65GQhXhkeu6CHEAwG4gFLB718XzPQoCEhdkCzfKa', 'client', 'Sidi Bouzid', 'approved', '26323162');
INSERT INTO `users` (`id`, `nom`, `email`, `password`, `role`, `ville`, `status`, `telephone`) VALUES (32, 'Sarah Gharbi', 'sarah.gharbi244@example.com', '$2y$12$tbf0h1yxWzEmN65GQhXhkeu6CHEAwG4gFLB718XzPQoCEhdkCzfKa', 'client', 'Ariana', 'approved', '24161071');
INSERT INTO `users` (`id`, `nom`, `email`, `password`, `role`, `ville`, `status`, `telephone`) VALUES (33, 'Sami Khemiri', 'sami.khemiri319@example.com', '$2y$12$tbf0h1yxWzEmN65GQhXhkeu6CHEAwG4gFLB718XzPQoCEhdkCzfKa', 'client', 'Beja', 'approved', '23767098');
INSERT INTO `users` (`id`, `nom`, `email`, `password`, `role`, `ville`, `status`, `telephone`) VALUES (34, 'Asma Louati', 'asma.louati146@example.com', '$2y$12$tbf0h1yxWzEmN65GQhXhkeu6CHEAwG4gFLB718XzPQoCEhdkCzfKa', 'client', 'Nabeul', 'approved', '21568441');
INSERT INTO `users` (`id`, `nom`, `email`, `password`, `role`, `ville`, `status`, `telephone`) VALUES (35, 'Ali Jelassi', 'ali.jelassi981@example.com', '$2y$12$tbf0h1yxWzEmN65GQhXhkeu6CHEAwG4gFLB718XzPQoCEhdkCzfKa', 'client', 'Zaghouan', 'approved', '28862444');
INSERT INTO `users` (`id`, `nom`, `email`, `password`, `role`, `ville`, `status`, `telephone`) VALUES (36, 'Hassan Ben Ali', 'hassan.ben.ali51@example.com', '$2y$12$tbf0h1yxWzEmN65GQhXhkeu6CHEAwG4gFLB718XzPQoCEhdkCzfKa', 'client', 'Kasserine', 'approved', '28446902');
INSERT INTO `users` (`id`, `nom`, `email`, `password`, `role`, `ville`, `status`, `telephone`) VALUES (37, 'Mohamed Gharbi', 'mohamed.gharbi355@example.com', '$2y$12$tbf0h1yxWzEmN65GQhXhkeu6CHEAwG4gFLB718XzPQoCEhdkCzfKa', 'client', 'Manouba', 'approved', '21171661');
INSERT INTO `users` (`id`, `nom`, `email`, `password`, `role`, `ville`, `status`, `telephone`) VALUES (38, 'Omar Gharbi', 'omar.gharbi75@example.com', '$2y$12$tbf0h1yxWzEmN65GQhXhkeu6CHEAwG4gFLB718XzPQoCEhdkCzfKa', 'client', 'Sidi Bouzid', 'approved', '29836889');
INSERT INTO `users` (`id`, `nom`, `email`, `password`, `role`, `ville`, `status`, `telephone`) VALUES (39, 'Asma Zouari', 'asma.zouari178@example.com', '$2y$12$tbf0h1yxWzEmN65GQhXhkeu6CHEAwG4gFLB718XzPQoCEhdkCzfKa', 'client', 'Ariana', 'approved', '27088890');
INSERT INTO `users` (`id`, `nom`, `email`, `password`, `role`, `ville`, `status`, `telephone`) VALUES (40, 'Mehdi Khemiri', 'mehdi.khemiri448@example.com', '$2y$12$tbf0h1yxWzEmN65GQhXhkeu6CHEAwG4gFLB718XzPQoCEhdkCzfKa', 'client', 'Manouba', 'approved', '25805652');
INSERT INTO `users` (`id`, `nom`, `email`, `password`, `role`, `ville`, `status`, `telephone`) VALUES (41, 'Hassan Ayari', 'hassan.ayari393@example.com', '$2y$12$tbf0h1yxWzEmN65GQhXhkeu6CHEAwG4gFLB718XzPQoCEhdkCzfKa', 'client', 'Zaghouan', 'approved', '23832424');
INSERT INTO `users` (`id`, `nom`, `email`, `password`, `role`, `ville`, `status`, `telephone`) VALUES (42, 'Yasmine Ghazouani', 'yasmine.ghazouani691@example.com', '$2y$12$tbf0h1yxWzEmN65GQhXhkeu6CHEAwG4gFLB718XzPQoCEhdkCzfKa', 'client', 'Manouba', 'approved', '24747590');
INSERT INTO `users` (`id`, `nom`, `email`, `password`, `role`, `ville`, `status`, `telephone`) VALUES (43, 'Yasmine Khemiri', 'yasmine.khemiri32@example.com', '$2y$12$tbf0h1yxWzEmN65GQhXhkeu6CHEAwG4gFLB718XzPQoCEhdkCzfKa', 'client', 'Tunis', 'approved', '21404292');
INSERT INTO `users` (`id`, `nom`, `email`, `password`, `role`, `ville`, `status`, `telephone`) VALUES (44, 'Hassan Trabelsi', 'hassan.trabelsi333@example.com', '$2y$12$tbf0h1yxWzEmN65GQhXhkeu6CHEAwG4gFLB718XzPQoCEhdkCzfKa', 'client', 'Kebili', 'approved', '24662791');
INSERT INTO `users` (`id`, `nom`, `email`, `password`, `role`, `ville`, `status`, `telephone`) VALUES (45, 'Ahmed Ben Ammar', 'ahmed.ben.ammar17@example.com', '$2y$12$tbf0h1yxWzEmN65GQhXhkeu6CHEAwG4gFLB718XzPQoCEhdkCzfKa', 'client', 'Gafsa', 'approved', '29819506');
INSERT INTO `users` (`id`, `nom`, `email`, `password`, `role`, `ville`, `status`, `telephone`) VALUES (46, 'Ali Zouari', 'ali.zouari176@example.com', '$2y$12$tbf0h1yxWzEmN65GQhXhkeu6CHEAwG4gFLB718XzPQoCEhdkCzfKa', 'client', 'Kebili', 'approved', '28005891');
INSERT INTO `users` (`id`, `nom`, `email`, `password`, `role`, `ville`, `status`, `telephone`) VALUES (47, 'Sami Ben Ali', 'sami.ben.ali717@example.com', '$2y$12$tbf0h1yxWzEmN65GQhXhkeu6CHEAwG4gFLB718XzPQoCEhdkCzfKa', 'client', 'Ariana', 'approved', '21734343');
INSERT INTO `users` (`id`, `nom`, `email`, `password`, `role`, `ville`, `status`, `telephone`) VALUES (48, 'Sarah Gharbi', 'sarah.gharbi228@example.com', '$2y$12$tbf0h1yxWzEmN65GQhXhkeu6CHEAwG4gFLB718XzPQoCEhdkCzfKa', 'client', 'Nabeul', 'approved', '22743315');
INSERT INTO `users` (`id`, `nom`, `email`, `password`, `role`, `ville`, `status`, `telephone`) VALUES (49, 'Hassan Ghazouani', 'hassan.ghazouani263@example.com', '$2y$12$tbf0h1yxWzEmN65GQhXhkeu6CHEAwG4gFLB718XzPQoCEhdkCzfKa', 'client', 'Tataouine', 'approved', '24061641');
INSERT INTO `users` (`id`, `nom`, `email`, `password`, `role`, `ville`, `status`, `telephone`) VALUES (50, 'Sarah Ghazouani', 'sarah.ghazouani508@example.com', '$2y$12$tbf0h1yxWzEmN65GQhXhkeu6CHEAwG4gFLB718XzPQoCEhdkCzfKa', 'client', 'Medenine', 'approved', '24375225');
INSERT INTO `users` (`id`, `nom`, `email`, `password`, `role`, `ville`, `status`, `telephone`) VALUES (51, 'Khadija Chabbi', 'khadija.chabbi88@example.com', '$2y$12$tbf0h1yxWzEmN65GQhXhkeu6CHEAwG4gFLB718XzPQoCEhdkCzfKa', 'client', 'Beja', 'approved', '21390654');
INSERT INTO `users` (`id`, `nom`, `email`, `password`, `role`, `ville`, `status`, `telephone`) VALUES (52, 'Sarah Mathlouthi', 'sarah.mathlouthi864@example.com', '$2y$12$tbf0h1yxWzEmN65GQhXhkeu6CHEAwG4gFLB718XzPQoCEhdkCzfKa', 'client', 'Kasserine', 'approved', '27420429');
INSERT INTO `users` (`id`, `nom`, `email`, `password`, `role`, `ville`, `status`, `telephone`) VALUES (53, 'Karim Gharbi', 'karim.gharbi799@example.com', '$2y$12$tbf0h1yxWzEmN65GQhXhkeu6CHEAwG4gFLB718XzPQoCEhdkCzfKa', 'client', 'Sfax', 'approved', '29628334');
INSERT INTO `users` (`id`, `nom`, `email`, `password`, `role`, `ville`, `status`, `telephone`) VALUES (54, 'Asma Ghazouani', 'asma.ghazouani714@example.com', '$2y$12$tbf0h1yxWzEmN65GQhXhkeu6CHEAwG4gFLB718XzPQoCEhdkCzfKa', 'client', 'Bizerte', 'approved', '27829017');
INSERT INTO `users` (`id`, `nom`, `email`, `password`, `role`, `ville`, `status`, `telephone`) VALUES (55, 'Hassan Zouari', 'hassan.zouari685@example.com', '$2y$12$tbf0h1yxWzEmN65GQhXhkeu6CHEAwG4gFLB718XzPQoCEhdkCzfKa', 'vendeur', 'Le Kef', 'pending', '26940576');
INSERT INTO `users` (`id`, `nom`, `email`, `password`, `role`, `ville`, `status`, `telephone`) VALUES (56, 'Sarah Mabrouk', 'sarah.mabrouk527@example.com', '$2y$12$tbf0h1yxWzEmN65GQhXhkeu6CHEAwG4gFLB718XzPQoCEhdkCzfKa', 'vendeur', 'Mahdia', 'pending', '26684642');
INSERT INTO `users` (`id`, `nom`, `email`, `password`, `role`, `ville`, `status`, `telephone`) VALUES (57, 'Youssef Trabelsi', 'youssef.trabelsi218@example.com', '$2y$12$tbf0h1yxWzEmN65GQhXhkeu6CHEAwG4gFLB718XzPQoCEhdkCzfKa', 'vendeur', 'Ariana', 'pending', '26725094');
INSERT INTO `users` (`id`, `nom`, `email`, `password`, `role`, `ville`, `status`, `telephone`) VALUES (58, 'Sami Bouazizi', 'sami.bouazizi762@example.com', '$2y$12$tbf0h1yxWzEmN65GQhXhkeu6CHEAwG4gFLB718XzPQoCEhdkCzfKa', 'vendeur', 'Le Kef', 'approved', '25599084');
INSERT INTO `users` (`id`, `nom`, `email`, `password`, `role`, `ville`, `status`, `telephone`) VALUES (59, 'Farah Mathlouthi', 'farah.mathlouthi351@example.com', '$2y$12$tbf0h1yxWzEmN65GQhXhkeu6CHEAwG4gFLB718XzPQoCEhdkCzfKa', 'vendeur', 'Gabes', 'approved', '27630284');
INSERT INTO `users` (`id`, `nom`, `email`, `password`, `role`, `ville`, `status`, `telephone`) VALUES (60, 'Mehdi Khemiri', 'mehdi.khemiri281@example.com', '$2y$12$tbf0h1yxWzEmN65GQhXhkeu6CHEAwG4gFLB718XzPQoCEhdkCzfKa', 'vendeur', 'Monastir', 'approved', '27114309');
INSERT INTO `users` (`id`, `nom`, `email`, `password`, `role`, `ville`, `status`, `telephone`) VALUES (61, 'Aicha Mabrouk', 'aicha.mabrouk260@example.com', '$2y$12$tbf0h1yxWzEmN65GQhXhkeu6CHEAwG4gFLB718XzPQoCEhdkCzfKa', 'vendeur', 'Zaghouan', 'approved', '24838639');
INSERT INTO `users` (`id`, `nom`, `email`, `password`, `role`, `ville`, `status`, `telephone`) VALUES (62, 'Mohamed Jelassi', 'mohamed.jelassi436@example.com', '$2y$12$tbf0h1yxWzEmN65GQhXhkeu6CHEAwG4gFLB718XzPQoCEhdkCzfKa', 'vendeur', 'Monastir', 'approved', '24130530');
INSERT INTO `users` (`id`, `nom`, `email`, `password`, `role`, `ville`, `status`, `telephone`) VALUES (63, 'Ahmed Bouazizi', 'ahmed.bouazizi827@example.com', '$2y$12$tbf0h1yxWzEmN65GQhXhkeu6CHEAwG4gFLB718XzPQoCEhdkCzfKa', 'vendeur', 'Mahdia', 'pending', '27518657');
INSERT INTO `users` (`id`, `nom`, `email`, `password`, `role`, `ville`, `status`, `telephone`) VALUES (64, 'Hassan Ben Ali', 'hassan.ben.ali915@example.com', '$2y$12$tbf0h1yxWzEmN65GQhXhkeu6CHEAwG4gFLB718XzPQoCEhdkCzfKa', 'vendeur', 'Nabeul', 'approved', '29131725');
INSERT INTO `users` (`id`, `nom`, `email`, `password`, `role`, `ville`, `status`, `telephone`) VALUES (65, 'Hassan Ghazouani', 'hassan.ghazouani366@example.com', '$2y$12$tbf0h1yxWzEmN65GQhXhkeu6CHEAwG4gFLB718XzPQoCEhdkCzfKa', 'vendeur', 'Monastir', 'approved', '27640634');
INSERT INTO `users` (`id`, `nom`, `email`, `password`, `role`, `ville`, `status`, `telephone`) VALUES (66, 'Youssef Mabrouk', 'youssef.mabrouk237@example.com', '$2y$12$tbf0h1yxWzEmN65GQhXhkeu6CHEAwG4gFLB718XzPQoCEhdkCzfKa', 'vendeur', 'Sousse', 'pending', '22596622');
INSERT INTO `users` (`id`, `nom`, `email`, `password`, `role`, `ville`, `status`, `telephone`) VALUES (67, 'Ahmed Driss', 'ahmed.driss92@example.com', '$2y$12$tbf0h1yxWzEmN65GQhXhkeu6CHEAwG4gFLB718XzPQoCEhdkCzfKa', 'vendeur', 'Ben Arous', 'approved', '27961040');
INSERT INTO `users` (`id`, `nom`, `email`, `password`, `role`, `ville`, `status`, `telephone`) VALUES (68, 'Sami Bouazizi', 'sami.bouazizi755@example.com', '$2y$12$tbf0h1yxWzEmN65GQhXhkeu6CHEAwG4gFLB718XzPQoCEhdkCzfKa', 'vendeur', 'Manouba', 'pending', '25960148');
INSERT INTO `users` (`id`, `nom`, `email`, `password`, `role`, `ville`, `status`, `telephone`) VALUES (69, 'Khadija Khemiri', 'khadija.khemiri639@example.com', '$2y$12$tbf0h1yxWzEmN65GQhXhkeu6CHEAwG4gFLB718XzPQoCEhdkCzfKa', 'vendeur', 'Ben Arous', 'approved', '22328345');
INSERT INTO `users` (`id`, `nom`, `email`, `password`, `role`, `ville`, `status`, `telephone`) VALUES (70, 'Sarah Trabelsi', 'sarah.trabelsi543@example.com', '$2y$12$tbf0h1yxWzEmN65GQhXhkeu6CHEAwG4gFLB718XzPQoCEhdkCzfKa', 'livreur', 'Tozeur', 'approved', '26382144');
INSERT INTO `users` (`id`, `nom`, `email`, `password`, `role`, `ville`, `status`, `telephone`) VALUES (71, 'Sarah Chabbi', 'sarah.chabbi99@example.com', '$2y$12$tbf0h1yxWzEmN65GQhXhkeu6CHEAwG4gFLB718XzPQoCEhdkCzfKa', 'livreur', 'Mahdia', 'approved', '25013915');
INSERT INTO `users` (`id`, `nom`, `email`, `password`, `role`, `ville`, `status`, `telephone`) VALUES (72, 'Ali Louati', 'ali.louati930@example.com', '$2y$12$tbf0h1yxWzEmN65GQhXhkeu6CHEAwG4gFLB718XzPQoCEhdkCzfKa', 'livreur', 'Kairouan', 'approved', '27337818');
INSERT INTO `users` (`id`, `nom`, `email`, `password`, `role`, `ville`, `status`, `telephone`) VALUES (73, 'Amine Jelassi', 'amine.jelassi472@example.com', '$2y$12$tbf0h1yxWzEmN65GQhXhkeu6CHEAwG4gFLB718XzPQoCEhdkCzfKa', 'livreur', 'Sousse', 'approved', '25480465');
INSERT INTO `users` (`id`, `nom`, `email`, `password`, `role`, `ville`, `status`, `telephone`) VALUES (74, 'Youssef Khemiri', 'youssef.khemiri670@example.com', '$2y$12$tbf0h1yxWzEmN65GQhXhkeu6CHEAwG4gFLB718XzPQoCEhdkCzfKa', 'livreur', 'Siliana', 'pending', '29638594');
INSERT INTO `users` (`id`, `nom`, `email`, `password`, `role`, `ville`, `status`, `telephone`) VALUES (75, 'Fatma Zouari', 'fatma.zouari24@example.com', '$2y$12$tbf0h1yxWzEmN65GQhXhkeu6CHEAwG4gFLB718XzPQoCEhdkCzfKa', 'livreur', 'Beja', 'approved', '27098627');
INSERT INTO `users` (`id`, `nom`, `email`, `password`, `role`, `ville`, `status`, `telephone`) VALUES (76, 'Sarah Bouazizi', 'sarah.bouazizi440@example.com', '$2y$12$tbf0h1yxWzEmN65GQhXhkeu6CHEAwG4gFLB718XzPQoCEhdkCzfKa', 'livreur', 'Monastir', 'approved', '22503458');
INSERT INTO `users` (`id`, `nom`, `email`, `password`, `role`, `ville`, `status`, `telephone`) VALUES (77, 'Ines Trabelsi', 'ines.trabelsi849@example.com', '$2y$12$tbf0h1yxWzEmN65GQhXhkeu6CHEAwG4gFLB718XzPQoCEhdkCzfKa', 'livreur', 'Manouba', 'approved', '26350550');
INSERT INTO `users` (`id`, `nom`, `email`, `password`, `role`, `ville`, `status`, `telephone`) VALUES (78, 'Ines Ayari', 'ines.ayari514@example.com', '$2y$12$tbf0h1yxWzEmN65GQhXhkeu6CHEAwG4gFLB718XzPQoCEhdkCzfKa', 'livreur', 'Tataouine', 'approved', '26101749');
INSERT INTO `users` (`id`, `nom`, `email`, `password`, `role`, `ville`, `status`, `telephone`) VALUES (79, 'Nour Khemiri', 'nour.khemiri755@example.com', '$2y$12$tbf0h1yxWzEmN65GQhXhkeu6CHEAwG4gFLB718XzPQoCEhdkCzfKa', 'livreur', 'Zaghouan', 'approved', '28018117');
INSERT INTO `produits` (`id`, `nom`, `prix`, `description`, `image`, `user_id`, `categorie_id`, `stock`) VALUES (20, 'Smartphone 743', '2308.00', 'Decouvrez cet excellent smartphone issu de la categorie Electronique. Concu avec soin pour garantir une qualite optimale.', 'Electronique10.png', 64, 1, 89);
INSERT INTO `produits` (`id`, `nom`, `prix`, `description`, `image`, `user_id`, `categorie_id`, `stock`) VALUES (21, 'Laptop Pro 993', '2190.00', 'Decouvrez cet excellent laptop pro issu de la categorie Electronique. Concu avec soin pour garantir une qualite optimale.', 'Electronique7.png', 59, 1, 99);
INSERT INTO `produits` (`id`, `nom`, `prix`, `description`, `image`, `user_id`, `categorie_id`, `stock`) VALUES (22, 'Smart TV 4K 791', '676.00', 'Decouvrez cet excellent smart tv 4k issu de la categorie Electronique. Concu avec soin pour garantir une qualite optimale.', 'Electronique6.png', 59, 1, 120);
INSERT INTO `produits` (`id`, `nom`, `prix`, `description`, `image`, `user_id`, `categorie_id`, `stock`) VALUES (23, 'Ecouteurs sans fil 742', '2044.00', 'Decouvrez cet excellent ecouteurs sans fil issu de la categorie Electronique. Concu avec soin pour garantir une qualite optimale.', 'Electronique7.png', 65, 1, 23);
INSERT INTO `produits` (`id`, `nom`, `prix`, `description`, `image`, `user_id`, `categorie_id`, `stock`) VALUES (24, 'Tablette Tactile 978', '2428.00', 'Decouvrez cet excellent tablette tactile issu de la categorie Electronique. Concu avec soin pour garantir une qualite optimale.', 'Electronique4.png', 69, 1, 104);
INSERT INTO `produits` (`id`, `nom`, `prix`, `description`, `image`, `user_id`, `categorie_id`, `stock`) VALUES (25, 'Appareil Photo 885', '1415.00', 'Decouvrez cet excellent appareil photo issu de la categorie Electronique. Concu avec soin pour garantir une qualite optimale.', 'Electronique4.png', 61, 1, 114);
INSERT INTO `produits` (`id`, `nom`, `prix`, `description`, `image`, `user_id`, `categorie_id`, `stock`) VALUES (26, 'Enceinte Bluetooth 431', '1125.00', 'Decouvrez cet excellent enceinte bluetooth issu de la categorie Electronique. Concu avec soin pour garantir une qualite optimale.', 'Electronique9.png', 60, 1, 58);
INSERT INTO `produits` (`id`, `nom`, `prix`, `description`, `image`, `user_id`, `categorie_id`, `stock`) VALUES (27, 'Montre Connectee 512', '1644.00', 'Decouvrez cet excellent montre connectee issu de la categorie Electronique. Concu avec soin pour garantir une qualite optimale.', 'Electronique4.png', 65, 1, 106);
INSERT INTO `produits` (`id`, `nom`, `prix`, `description`, `image`, `user_id`, `categorie_id`, `stock`) VALUES (28, 'Disque Dur Externe 525', '1243.00', 'Decouvrez cet excellent disque dur externe issu de la categorie Electronique. Concu avec soin pour garantir une qualite optimale.', 'Electronique2.png', 62, 1, 79);
INSERT INTO `produits` (`id`, `nom`, `prix`, `description`, `image`, `user_id`, `categorie_id`, `stock`) VALUES (29, 'Chargeur Rapide 999', '1850.00', 'Decouvrez cet excellent chargeur rapide issu de la categorie Electronique. Concu avec soin pour garantir une qualite optimale.', 'Electronique5.png', 64, 1, 132);
INSERT INTO `produits` (`id`, `nom`, `prix`, `description`, `image`, `user_id`, `categorie_id`, `stock`) VALUES (30, 'T-Shirt en Coton 303', '1302.00', 'Decouvrez cet excellent t-shirt en coton issu de la categorie Vetements. Concu avec soin pour garantir une qualite optimale.', 'vetementsshelter-dg0uHhW0Fd4-unsplash.jpg', 58, 2, 84);
INSERT INTO `produits` (`id`, `nom`, `prix`, `description`, `image`, `user_id`, `categorie_id`, `stock`) VALUES (31, 'Jeans Slim 121', '767.00', 'Decouvrez cet excellent jeans slim issu de la categorie Vetements. Concu avec soin pour garantir une qualite optimale.', 'vetementsmoein-niroumand-6oWEaAgsqvM-unsplash.jpg', 60, 2, 140);
INSERT INTO `produits` (`id`, `nom`, `prix`, `description`, `image`, `user_id`, `categorie_id`, `stock`) VALUES (32, 'Veste en Cuir 684', '185.00', 'Decouvrez cet excellent veste en cuir issu de la categorie Vetements. Concu avec soin pour garantir une qualite optimale.', 'vetementskawah-kaos-dakwah-XsP4kDfzeb4-unsplash.jpg', 59, 2, 85);
INSERT INTO `produits` (`id`, `nom`, `prix`, `description`, `image`, `user_id`, `categorie_id`, `stock`) VALUES (33, 'Robe de Soiree 452', '1426.00', 'Decouvrez cet excellent robe de soiree issu de la categorie Vetements. Concu avec soin pour garantir une qualite optimale.', 'vetementstuananh-blue-JUrNzQiFJB8-unsplash.jpg', 65, 2, 13);
INSERT INTO `produits` (`id`, `nom`, `prix`, `description`, `image`, `user_id`, `categorie_id`, `stock`) VALUES (34, 'Manteau 420', '1028.00', 'Decouvrez cet excellent manteau issu de la categorie Vetements. Concu avec soin pour garantir une qualite optimale.', 'vetementsmoein-niroumand-6oWEaAgsqvM-unsplash.jpg', 58, 2, 29);
INSERT INTO `produits` (`id`, `nom`, `prix`, `description`, `image`, `user_id`, `categorie_id`, `stock`) VALUES (35, 'Sneakers de Sport 442', '513.00', 'Decouvrez cet excellent sneakers de sport issu de la categorie Vetements. Concu avec soin pour garantir une qualite optimale.', 'vetementsanomaly-WWesmHEgXDs-unsplash.jpg', 61, 2, 36);
INSERT INTO `produits` (`id`, `nom`, `prix`, `description`, `image`, `user_id`, `categorie_id`, `stock`) VALUES (36, 'Pull en Laine 175', '892.00', 'Decouvrez cet excellent pull en laine issu de la categorie Vetements. Concu avec soin pour garantir une qualite optimale.', 'vetementsgeoffroy-danest-uhKVcZNBv80-unsplash.jpg', 59, 2, 57);
INSERT INTO `produits` (`id`, `nom`, `prix`, `description`, `image`, `user_id`, `categorie_id`, `stock`) VALUES (37, 'Chemise Classique 619', '2245.00', 'Decouvrez cet excellent chemise classique issu de la categorie Vetements. Concu avec soin pour garantir une qualite optimale.', 'vetementskoray-guler-SV4r7ZlDDXo-unsplash.jpg', 65, 2, 50);
INSERT INTO `produits` (`id`, `nom`, `prix`, `description`, `image`, `user_id`, `categorie_id`, `stock`) VALUES (38, 'Pantalon Chino 303', '1055.00', 'Decouvrez cet excellent pantalon chino issu de la categorie Vetements. Concu avec soin pour garantir une qualite optimale.', 'vetementsmediamodifier-F5i3PZXYkvY-unsplash.jpg', 61, 2, 96);
INSERT INTO `produits` (`id`, `nom`, `prix`, `description`, `image`, `user_id`, `categorie_id`, `stock`) VALUES (39, 'Survetement Complet 885', '2246.00', 'Decouvrez cet excellent survetement complet issu de la categorie Vetements. Concu avec soin pour garantir une qualite optimale.', 'vetementsmoein-niroumand-6oWEaAgsqvM-unsplash.jpg', 60, 2, 13);
INSERT INTO `produits` (`id`, `nom`, `prix`, `description`, `image`, `user_id`, `categorie_id`, `stock`) VALUES (40, 'Console NextGen 292', '944.00', 'Decouvrez cet excellent console nextgen issu de la categorie Gaming. Concu avec soin pour garantir une qualite optimale.', 'gamingamadej-tauses-RpLs6gFoKBg-unsplash.jpg', 60, 3, 46);
INSERT INTO `produits` (`id`, `nom`, `prix`, `description`, `image`, `user_id`, `categorie_id`, `stock`) VALUES (41, 'Manette Sans Fil Pro 786', '1385.00', 'Decouvrez cet excellent manette sans fil pro issu de la categorie Gaming. Concu avec soin pour garantir une qualite optimale.', 'gamingalexandre-juca-rL61zw9ZBwI-unsplash.jpg', 58, 3, 129);
INSERT INTO `produits` (`id`, `nom`, `prix`, `description`, `image`, `user_id`, `categorie_id`, `stock`) VALUES (42, 'Casque Gamer 7.1 663', '317.00', 'Decouvrez cet excellent casque gamer 7.1 issu de la categorie Gaming. Concu avec soin pour garantir une qualite optimale.', 'gamingsam-pak-WIeJcQrd3Tw-unsplash.jpg', 65, 3, 28);
INSERT INTO `produits` (`id`, `nom`, `prix`, `description`, `image`, `user_id`, `categorie_id`, `stock`) VALUES (43, 'Clavier Mecanique 389', '1894.00', 'Decouvrez cet excellent clavier mecanique issu de la categorie Gaming. Concu avec soin pour garantir une qualite optimale.', 'gamingsayan-majhi-bYknLZygc58-unsplash.jpg', 61, 3, 71);
INSERT INTO `produits` (`id`, `nom`, `prix`, `description`, `image`, `user_id`, `categorie_id`, `stock`) VALUES (44, 'Souris Gaming RGB 382', '591.00', 'Decouvrez cet excellent souris gaming rgb issu de la categorie Gaming. Concu avec soin pour garantir une qualite optimale.', 'gamingsayan-majhi-dwJBqRX8W-o-unsplash.jpg', 67, 3, 149);
INSERT INTO `produits` (`id`, `nom`, `prix`, `description`, `image`, `user_id`, `categorie_id`, `stock`) VALUES (45, 'Chaise Ergonomique 556', '2497.00', 'Decouvrez cet excellent chaise ergonomique issu de la categorie Gaming. Concu avec soin pour garantir une qualite optimale.', 'gamingalexandre-juca-rL61zw9ZBwI-unsplash.jpg', 67, 3, 64);
INSERT INTO `produits` (`id`, `nom`, `prix`, `description`, `image`, `user_id`, `categorie_id`, `stock`) VALUES (46, 'Tapis de Souris XXL 714', '1436.00', 'Decouvrez cet excellent tapis de souris xxl issu de la categorie Gaming. Concu avec soin pour garantir une qualite optimale.', 'gamingandrew-m-kTXF26LzRDA-unsplash.jpg', 64, 3, 83);
INSERT INTO `produits` (`id`, `nom`, `prix`, `description`, `image`, `user_id`, `categorie_id`, `stock`) VALUES (47, 'Ecran 144Hz 715', '1442.00', 'Decouvrez cet excellent ecran 144hz issu de la categorie Gaming. Concu avec soin pour garantir une qualite optimale.', 'gamingsayan-majhi-VMZ5Y7fh2fc-unsplash.jpg', 59, 3, 58);
INSERT INTO `produits` (`id`, `nom`, `prix`, `description`, `image`, `user_id`, `categorie_id`, `stock`) VALUES (48, 'Microphone de Stream 489', '1613.00', 'Decouvrez cet excellent microphone de stream issu de la categorie Gaming. Concu avec soin pour garantir une qualite optimale.', 'gamingsam-pak-WIeJcQrd3Tw-unsplash.jpg', 60, 3, 99);
INSERT INTO `produits` (`id`, `nom`, `prix`, `description`, `image`, `user_id`, `categorie_id`, `stock`) VALUES (49, 'Webcam 1080p 643', '312.00', 'Decouvrez cet excellent webcam 1080p issu de la categorie Gaming. Concu avec soin pour garantir une qualite optimale.', 'gamingextremerate--IDi7cIACKs-unsplash.jpg', 64, 3, 138);
INSERT INTO `produits` (`id`, `nom`, `prix`, `description`, `image`, `user_id`, `categorie_id`, `stock`) VALUES (50, 'Canape Moderne 3 Places 867', '1547.00', 'Decouvrez cet excellent canape moderne 3 places issu de la categorie Maison. Concu avec soin pour garantir une qualite optimale.', 'Maisonrebecca-chandler-3_S2XTMGCvs-unsplash.jpg', 64, 4, 20);
INSERT INTO `produits` (`id`, `nom`, `prix`, `description`, `image`, `user_id`, `categorie_id`, `stock`) VALUES (51, 'Table a Manger 455', '2183.00', 'Decouvrez cet excellent table a manger issu de la categorie Maison. Concu avec soin pour garantir une qualite optimale.', 'Maisonspacejoy-TbWzzDaqgRE-unsplash.jpg', 64, 4, 71);
INSERT INTO `produits` (`id`, `nom`, `prix`, `description`, `image`, `user_id`, `categorie_id`, `stock`) VALUES (52, 'Lampe Decorative 464', '915.00', 'Decouvrez cet excellent lampe decorative issu de la categorie Maison. Concu avec soin pour garantir une qualite optimale.', 'Maisonpuscas-adryan-enwU2R7m-bI-unsplash.jpg', 62, 4, 43);
INSERT INTO `produits` (`id`, `nom`, `prix`, `description`, `image`, `user_id`, `categorie_id`, `stock`) VALUES (53, 'Tapis Moelleux 687', '1307.00', 'Decouvrez cet excellent tapis moelleux issu de la categorie Maison. Concu avec soin pour garantir une qualite optimale.', 'Maisonspacejoy-NrdwhqreL8M-unsplash.jpg', 59, 4, 96);
INSERT INTO `produits` (`id`, `nom`, `prix`, `description`, `image`, `user_id`, `categorie_id`, `stock`) VALUES (54, 'Vase en Ceramique 274', '305.00', 'Decouvrez cet excellent vase en ceramique issu de la categorie Maison. Concu avec soin pour garantir une qualite optimale.', 'Maisonpuscas-adryan-DtAKgIz24A8-unsplash.jpg', 61, 4, 106);
INSERT INTO `produits` (`id`, `nom`, `prix`, `description`, `image`, `user_id`, `categorie_id`, `stock`) VALUES (55, 'Miroir Mural Rond 194', '970.00', 'Decouvrez cet excellent miroir mural rond issu de la categorie Maison. Concu avec soin pour garantir une qualite optimale.', 'Maisonmutzii-ZQm_wg8jxhI-unsplash.jpg', 62, 4, 86);
INSERT INTO `produits` (`id`, `nom`, `prix`, `description`, `image`, `user_id`, `categorie_id`, `stock`) VALUES (56, 'Etagere Murale en Bois 860', '1421.00', 'Decouvrez cet excellent etagere murale en bois issu de la categorie Maison. Concu avec soin pour garantir une qualite optimale.', 'Maisonspacejoy-NrdwhqreL8M-unsplash.jpg', 65, 4, 69);
INSERT INTO `produits` (`id`, `nom`, `prix`, `description`, `image`, `user_id`, `categorie_id`, `stock`) VALUES (57, 'Cadre Photo Vintage 143', '1632.00', 'Decouvrez cet excellent cadre photo vintage issu de la categorie Maison. Concu avec soin pour garantir une qualite optimale.', 'Maisonpuscas-adryan-enwU2R7m-bI-unsplash.jpg', 67, 4, 119);
INSERT INTO `produits` (`id`, `nom`, `prix`, `description`, `image`, `user_id`, `categorie_id`, `stock`) VALUES (58, 'Fauteuil en Velours 654', '1617.00', 'Decouvrez cet excellent fauteuil en velours issu de la categorie Maison. Concu avec soin pour garantir une qualite optimale.', 'Maisonpuscas-adryan-jpZt7A0QH2c-unsplash.jpg', 61, 4, 141);
INSERT INTO `produits` (`id`, `nom`, `prix`, `description`, `image`, `user_id`, `categorie_id`, `stock`) VALUES (59, 'Horloge Murale Design 266', '2354.00', 'Decouvrez cet excellent horloge murale design issu de la categorie Maison. Concu avec soin pour garantir une qualite optimale.', 'Maisonpuscas-adryan-n854nQPOkRI-unsplash.jpg', 65, 4, 60);
INSERT INTO `produits` (`id`, `nom`, `prix`, `description`, `image`, `user_id`, `categorie_id`, `stock`) VALUES (60, 'Halteres 5kg (Paire) 770', '478.00', 'Decouvrez cet excellent halteres 5kg (paire) issu de la categorie Sport. Concu avec soin pour garantir une qualite optimale.', 'Sport1.png', 60, 5, 7);
INSERT INTO `produits` (`id`, `nom`, `prix`, `description`, `image`, `user_id`, `categorie_id`, `stock`) VALUES (61, 'Tapis de Yoga Antiderapant 421', '2290.00', 'Decouvrez cet excellent tapis de yoga antiderapant issu de la categorie Sport. Concu avec soin pour garantir une qualite optimale.', 'Sport14.png', 67, 5, 116);
INSERT INTO `produits` (`id`, `nom`, `prix`, `description`, `image`, `user_id`, `categorie_id`, `stock`) VALUES (62, 'Corde a Sauter Pro 680', '634.00', 'Decouvrez cet excellent corde a sauter pro issu de la categorie Sport. Concu avec soin pour garantir une qualite optimale.', 'Sport1.png', 62, 5, 69);
INSERT INTO `produits` (`id`, `nom`, `prix`, `description`, `image`, `user_id`, `categorie_id`, `stock`) VALUES (63, 'Gourde Isotherme 1L 608', '900.00', 'Decouvrez cet excellent gourde isotherme 1l issu de la categorie Sport. Concu avec soin pour garantir une qualite optimale.', 'Sport11.png', 62, 5, 52);
INSERT INTO `produits` (`id`, `nom`, `prix`, `description`, `image`, `user_id`, `categorie_id`, `stock`) VALUES (64, 'Sac de Sport 743', '929.00', 'Decouvrez cet excellent sac de sport issu de la categorie Sport. Concu avec soin pour garantir une qualite optimale.', 'Sport4.png', 67, 5, 121);
INSERT INTO `produits` (`id`, `nom`, `prix`, `description`, `image`, `user_id`, `categorie_id`, `stock`) VALUES (65, 'Bandes de Resistance 820', '411.00', 'Decouvrez cet excellent bandes de resistance issu de la categorie Sport. Concu avec soin pour garantir une qualite optimale.', 'Sport7.png', 69, 5, 114);
INSERT INTO `produits` (`id`, `nom`, `prix`, `description`, `image`, `user_id`, `categorie_id`, `stock`) VALUES (66, 'Roulette a Abdos 408', '324.00', 'Decouvrez cet excellent roulette a abdos issu de la categorie Sport. Concu avec soin pour garantir une qualite optimale.', 'Sport2.png', 60, 5, 68);
INSERT INTO `produits` (`id`, `nom`, `prix`, `description`, `image`, `user_id`, `categorie_id`, `stock`) VALUES (67, 'Gants de Musculation 433', '2313.00', 'Decouvrez cet excellent gants de musculation issu de la categorie Sport. Concu avec soin pour garantir une qualite optimale.', 'Sport12.png', 64, 5, 88);
INSERT INTO `produits` (`id`, `nom`, `prix`, `description`, `image`, `user_id`, `categorie_id`, `stock`) VALUES (68, 'Protege-Tibias 446', '1888.00', 'Decouvrez cet excellent protege-tibias issu de la categorie Sport. Concu avec soin pour garantir une qualite optimale.', 'Sport6.png', 64, 5, 15);
INSERT INTO `produits` (`id`, `nom`, `prix`, `description`, `image`, `user_id`, `categorie_id`, `stock`) VALUES (69, 'Ballon de Football Officiel 391', '1881.00', 'Decouvrez cet excellent ballon de football officiel issu de la categorie Sport. Concu avec soin pour garantir une qualite optimale.', 'Sport14.png', 65, 5, 106);
INSERT INTO `produits` (`id`, `nom`, `prix`, `description`, `image`, `user_id`, `categorie_id`, `stock`) VALUES (70, 'Creme Hydratante de Jour 547', '1725.00', 'Decouvrez cet excellent creme hydratante de jour issu de la categorie Beaute. Concu avec soin pour garantir une qualite optimale.', 'Beautéharper-sunday-dtEy_pEqaIs-unsplash.jpg', 58, 6, 57);
INSERT INTO `produits` (`id`, `nom`, `prix`, `description`, `image`, `user_id`, `categorie_id`, `stock`) VALUES (71, 'Serum Anti-Age Visage 503', '1370.00', 'Decouvrez cet excellent serum anti-age visage issu de la categorie Beaute. Concu avec soin pour garantir une qualite optimale.', 'Beautéshamblen-studios-xwM61TPMlYk-unsplash.jpg', 61, 6, 138);
INSERT INTO `produits` (`id`, `nom`, `prix`, `description`, `image`, `user_id`, `categorie_id`, `stock`) VALUES (72, 'Rouge a Levres Mat 945', '1775.00', 'Decouvrez cet excellent rouge a levres mat issu de la categorie Beaute. Concu avec soin pour garantir une qualite optimale.', 'Beautéjohanne-pold-jacobsen-vyhYvCiL3QQ-unsplash.jpg', 67, 6, 8);
INSERT INTO `produits` (`id`, `nom`, `prix`, `description`, `image`, `user_id`, `categorie_id`, `stock`) VALUES (73, 'Palette de Maquillage Nude 853', '1811.00', 'Decouvrez cet excellent palette de maquillage nude issu de la categorie Beaute. Concu avec soin pour garantir une qualite optimale.', 'Beautéluwadlin-bosman-ejWLfAHa4y8-unsplash.jpg', 65, 6, 90);
INSERT INTO `produits` (`id`, `nom`, `prix`, `description`, `image`, `user_id`, `categorie_id`, `stock`) VALUES (74, 'Parfum Eau de Toilette 581', '26.00', 'Decouvrez cet excellent parfum eau de toilette issu de la categorie Beaute. Concu avec soin pour garantir une qualite optimale.', 'Beautémargalit-toyber-OI-XW5ih1BI-unsplash.jpg', 58, 6, 88);
INSERT INTO `produits` (`id`, `nom`, `prix`, `description`, `image`, `user_id`, `categorie_id`, `stock`) VALUES (75, 'Mascara Volume Intense 260', '1603.00', 'Decouvrez cet excellent mascara volume intense issu de la categorie Beaute. Concu avec soin pour garantir une qualite optimale.', 'Beautéjohanne-pold-jacobsen-vyhYvCiL3QQ-unsplash.jpg', 62, 6, 122);
INSERT INTO `produits` (`id`, `nom`, `prix`, `description`, `image`, `user_id`, `categorie_id`, `stock`) VALUES (76, 'Fond de Teint Couvrant 595', '1311.00', 'Decouvrez cet excellent fond de teint couvrant issu de la categorie Beaute. Concu avec soin pour garantir une qualite optimale.', 'Beautésierra-alpha-juliet-rs1dfpQYas8-unsplash.jpg', 64, 6, 47);
INSERT INTO `produits` (`id`, `nom`, `prix`, `description`, `image`, `user_id`, `categorie_id`, `stock`) VALUES (77, 'Lotion Tonique Purifiante 926', '2194.00', 'Decouvrez cet excellent lotion tonique purifiante issu de la categorie Beaute. Concu avec soin pour garantir une qualite optimale.', 'Beautéjohanne-pold-jacobsen-vyhYvCiL3QQ-unsplash.jpg', 69, 6, 132);
INSERT INTO `produits` (`id`, `nom`, `prix`, `description`, `image`, `user_id`, `categorie_id`, `stock`) VALUES (78, 'Gommage Corps Exfoliant 564', '2025.00', 'Decouvrez cet excellent gommage corps exfoliant issu de la categorie Beaute. Concu avec soin pour garantir une qualite optimale.', 'Beautéfulvio-ciccolo-iDDGJt3veps-unsplash.jpg', 62, 6, 4);
INSERT INTO `produits` (`id`, `nom`, `prix`, `description`, `image`, `user_id`, `categorie_id`, `stock`) VALUES (79, 'Huile Capillaire Reparatrice 741', '328.00', 'Decouvrez cet excellent huile capillaire reparatrice issu de la categorie Beaute. Concu avec soin pour garantir une qualite optimale.', 'Beautésierra-alpha-juliet-Bp9ZmP8Dqxk-unsplash.jpg', 61, 6, 6);
INSERT INTO `produits` (`id`, `nom`, `prix`, `description`, `image`, `user_id`, `categorie_id`, `stock`) VALUES (80, 'Montre Classique en Acier 714', '1513.00', 'Decouvrez cet excellent montre classique en acier issu de la categorie Accessoires. Concu avec soin pour garantir une qualite optimale.', 'accessoriesfaizur-rehman-iwd_99qV7Uk-unsplash.jpg', 61, 7, 117);
INSERT INTO `produits` (`id`, `nom`, `prix`, `description`, `image`, `user_id`, `categorie_id`, `stock`) VALUES (81, 'Lunettes de Soleil Polarisees 997', '1086.00', 'Decouvrez cet excellent lunettes de soleil polarisees issu de la categorie Accessoires. Concu avec soin pour garantir une qualite optimale.', 'accessoriesmouad-nadif-MdNtXJG462k-unsplash.jpg', 62, 7, 54);
INSERT INTO `produits` (`id`, `nom`, `prix`, `description`, `image`, `user_id`, `categorie_id`, `stock`) VALUES (82, 'Ceinture en Cuir Veritable 629', '866.00', 'Decouvrez cet excellent ceinture en cuir veritable issu de la categorie Accessoires. Concu avec soin pour garantir une qualite optimale.', 'accessoriesdanijela-prijovic-bYwMGLut6pQ-unsplash.jpg', 65, 7, 109);
INSERT INTO `produits` (`id`, `nom`, `prix`, `description`, `image`, `user_id`, `categorie_id`, `stock`) VALUES (83, 'Sac a Main en Cuir 193', '2473.00', 'Decouvrez cet excellent sac a main en cuir issu de la categorie Accessoires. Concu avec soin pour garantir une qualite optimale.', 'accessoriesdeepak-singh-7VDBbdUWRUY-unsplash.jpg', 69, 7, 113);
INSERT INTO `produits` (`id`, `nom`, `prix`, `description`, `image`, `user_id`, `categorie_id`, `stock`) VALUES (84, 'Portefeuille Homme 423', '2228.00', 'Decouvrez cet excellent portefeuille homme issu de la categorie Accessoires. Concu avec soin pour garantir une qualite optimale.', 'accessoriesobi-eXPgWceL488-unsplash.jpg', 67, 7, 96);
INSERT INTO `produits` (`id`, `nom`, `prix`, `description`, `image`, `user_id`, `categorie_id`, `stock`) VALUES (85, 'Casquette Ajustable 712', '1604.00', 'Decouvrez cet excellent casquette ajustable issu de la categorie Accessoires. Concu avec soin pour garantir une qualite optimale.', 'accessoriesshamblen-studios-xwM61TPMlYk-unsplash.jpg', 61, 7, 30);
INSERT INTO `produits` (`id`, `nom`, `prix`, `description`, `image`, `user_id`, `categorie_id`, `stock`) VALUES (86, 'Bonnet en Laine 378', '788.00', 'Decouvrez cet excellent bonnet en laine issu de la categorie Accessoires. Concu avec soin pour garantir une qualite optimale.', 'accessorieswilliam-montout-_kv2tkp8qlg-unsplash.jpg', 58, 7, 86);
INSERT INTO `produits` (`id`, `nom`, `prix`, `description`, `image`, `user_id`, `categorie_id`, `stock`) VALUES (87, 'Echarpe Douce 890', '923.00', 'Decouvrez cet excellent echarpe douce issu de la categorie Accessoires. Concu avec soin pour garantir une qualite optimale.', 'accessoriesfirdaus-roslan-nfr_aSoOI18-unsplash.jpg', 60, 7, 104);
INSERT INTO `produits` (`id`, `nom`, `prix`, `description`, `image`, `user_id`, `categorie_id`, `stock`) VALUES (88, 'Gants en Cuir Tactiles 639', '2196.00', 'Decouvrez cet excellent gants en cuir tactiles issu de la categorie Accessoires. Concu avec soin pour garantir une qualite optimale.', 'accessoriesdrew-williams-P7ZUJ5_pViI-unsplash.jpg', 67, 7, 102);
INSERT INTO `produits` (`id`, `nom`, `prix`, `description`, `image`, `user_id`, `categorie_id`, `stock`) VALUES (89, 'Bijoux Fantaisie Collier 424', '1466.00', 'Decouvrez cet excellent bijoux fantaisie collier issu de la categorie Accessoires. Concu avec soin pour garantir une qualite optimale.', 'accessorieskrismawan-kadek-9VYig9LmUmE-unsplash.jpg', 69, 7, 123);
INSERT INTO `commandes` (`id`, `client_id`, `vendeur_id`, `livreur_id`, `statut`, `produit_id`, `nom`, `prenom`, `phone`, `adresse`, `quantite`, `ville`) VALUES (30, 51, 60, NULL, 'en attente', 40, 'Fatma', 'Ghazouani', '95175609', 'Rue de la Republique, 81', 2, 'Tunis');
INSERT INTO `commandes` (`id`, `client_id`, `vendeur_id`, `livreur_id`, `statut`, `produit_id`, `nom`, `prenom`, `phone`, `adresse`, `quantite`, `ville`) VALUES (31, 50, 67, 72, 'livree', 84, 'Nour', 'Gharbi', '96924247', 'Rue de la Republique, 46', 1, 'Nabeul');
INSERT INTO `commandes` (`id`, `client_id`, `vendeur_id`, `livreur_id`, `statut`, `produit_id`, `nom`, `prenom`, `phone`, `adresse`, `quantite`, `ville`) VALUES (32, 41, 61, 77, 'livree', 35, 'Aicha', 'Ben Ammar', '97412676', 'Rue de la Republique, 197', 2, 'Ariana');
INSERT INTO `commandes` (`id`, `client_id`, `vendeur_id`, `livreur_id`, `statut`, `produit_id`, `nom`, `prenom`, `phone`, `adresse`, `quantite`, `ville`) VALUES (33, 44, 60, NULL, 'refusee', 66, 'Sami', 'Mabrouk', '93508837', 'Rue de la Republique, 33', 3, 'Ben Arous');
INSERT INTO `commandes` (`id`, `client_id`, `vendeur_id`, `livreur_id`, `statut`, `produit_id`, `nom`, `prenom`, `phone`, `adresse`, `quantite`, `ville`) VALUES (34, 29, 62, NULL, 'refusee', 75, 'Farah', 'Trabelsi', '92971656', 'Rue de la Republique, 172', 2, 'Jendouba');
INSERT INTO `commandes` (`id`, `client_id`, `vendeur_id`, `livreur_id`, `statut`, `produit_id`, `nom`, `prenom`, `phone`, `adresse`, `quantite`, `ville`) VALUES (35, 37, 65, NULL, 'refusee', 42, 'Ali', 'Ben Ali', '93952202', 'Rue de la Republique, 111', 2, 'Sidi Bouzid');
INSERT INTO `commandes` (`id`, `client_id`, `vendeur_id`, `livreur_id`, `statut`, `produit_id`, `nom`, `prenom`, `phone`, `adresse`, `quantite`, `ville`) VALUES (36, 25, 58, NULL, 'en attente livraison', 41, 'Asma', 'Ayari', '95550766', 'Rue de la Republique, 192', 3, 'Ben Arous');
INSERT INTO `commandes` (`id`, `client_id`, `vendeur_id`, `livreur_id`, `statut`, `produit_id`, `nom`, `prenom`, `phone`, `adresse`, `quantite`, `ville`) VALUES (37, 40, 65, 77, 'en livraison', 33, 'Sarah', 'Trabelsi', '92485658', 'Rue de la Republique, 64', 2, 'Kasserine');
INSERT INTO `commandes` (`id`, `client_id`, `vendeur_id`, `livreur_id`, `statut`, `produit_id`, `nom`, `prenom`, `phone`, `adresse`, `quantite`, `ville`) VALUES (38, 35, 67, NULL, 'en attente', 88, 'Ali', 'Louati', '91097267', 'Rue de la Republique, 148', 2, 'Kebili');
INSERT INTO `commandes` (`id`, `client_id`, `vendeur_id`, `livreur_id`, `statut`, `produit_id`, `nom`, `prenom`, `phone`, `adresse`, `quantite`, `ville`) VALUES (39, 54, 65, NULL, 'en attente', 69, 'Sami', 'Mabrouk', '93022277', 'Rue de la Republique, 73', 3, 'Bizerte');
INSERT INTO `commandes` (`id`, `client_id`, `vendeur_id`, `livreur_id`, `statut`, `produit_id`, `nom`, `prenom`, `phone`, `adresse`, `quantite`, `ville`) VALUES (40, 30, 67, NULL, 'refusee', 84, 'Karim', 'Ayari', '98784036', 'Rue de la Republique, 102', 2, 'Sousse');
INSERT INTO `commandes` (`id`, `client_id`, `vendeur_id`, `livreur_id`, `statut`, `produit_id`, `nom`, `prenom`, `phone`, `adresse`, `quantite`, `ville`) VALUES (41, 42, 67, NULL, 'en attente livraison', 45, 'Farah', 'Bouazizi', '95418960', 'Rue de la Republique, 170', 3, 'Jendouba');
INSERT INTO `commandes` (`id`, `client_id`, `vendeur_id`, `livreur_id`, `statut`, `produit_id`, `nom`, `prenom`, `phone`, `adresse`, `quantite`, `ville`) VALUES (42, 30, 69, 76, 'livree', 89, 'Ahmed', 'Mabrouk', '99586679', 'Rue de la Republique, 80', 3, 'Tunis');
INSERT INTO `commandes` (`id`, `client_id`, `vendeur_id`, `livreur_id`, `statut`, `produit_id`, `nom`, `prenom`, `phone`, `adresse`, `quantite`, `ville`) VALUES (43, 41, 59, 77, 'livree', 47, 'Sarah', 'Ben Ali', '94881542', 'Rue de la Republique, 53', 4, 'Gafsa');
INSERT INTO `commandes` (`id`, `client_id`, `vendeur_id`, `livreur_id`, `statut`, `produit_id`, `nom`, `prenom`, `phone`, `adresse`, `quantite`, `ville`) VALUES (44, 54, 60, NULL, 'en attente', 39, 'Omar', 'Ayari', '91973738', 'Rue de la Republique, 86', 4, 'Sfax');
INSERT INTO `commandes` (`id`, `client_id`, `vendeur_id`, `livreur_id`, `statut`, `produit_id`, `nom`, `prenom`, `phone`, `adresse`, `quantite`, `ville`) VALUES (45, 40, 59, NULL, 'refusee', 21, 'Omar', 'Gharbi', '96819087', 'Rue de la Republique, 164', 2, 'Monastir');
INSERT INTO `commandes` (`id`, `client_id`, `vendeur_id`, `livreur_id`, `statut`, `produit_id`, `nom`, `prenom`, `phone`, `adresse`, `quantite`, `ville`) VALUES (46, 39, 67, 78, 'livree', 72, 'Mohamed', 'Ben Ammar', '91986927', 'Rue de la Republique, 127', 2, 'Le Kef');
INSERT INTO `commandes` (`id`, `client_id`, `vendeur_id`, `livreur_id`, `statut`, `produit_id`, `nom`, `prenom`, `phone`, `adresse`, `quantite`, `ville`) VALUES (47, 46, 67, NULL, 'en attente livraison', 44, 'Mariem', 'Ben Ali', '95716364', 'Rue de la Republique, 193', 1, 'Sousse');
INSERT INTO `commandes` (`id`, `client_id`, `vendeur_id`, `livreur_id`, `statut`, `produit_id`, `nom`, `prenom`, `phone`, `adresse`, `quantite`, `ville`) VALUES (48, 54, 62, NULL, 'en attente', 81, 'Ali', 'Trabelsi', '97560841', 'Rue de la Republique, 11', 3, 'Siliana');
INSERT INTO `commandes` (`id`, `client_id`, `vendeur_id`, `livreur_id`, `statut`, `produit_id`, `nom`, `prenom`, `phone`, `adresse`, `quantite`, `ville`) VALUES (49, 42, 67, 73, 'livree', 84, 'Hassan', 'Trabelsi', '98825964', 'Rue de la Republique, 156', 1, 'Manouba');
INSERT INTO `commandes` (`id`, `client_id`, `vendeur_id`, `livreur_id`, `statut`, `produit_id`, `nom`, `prenom`, `phone`, `adresse`, `quantite`, `ville`) VALUES (50, 43, 61, 72, 'en livraison', 54, 'Omar', 'Ghazouani', '99738409', 'Rue de la Republique, 148', 4, 'Gabes');
INSERT INTO `commandes` (`id`, `client_id`, `vendeur_id`, `livreur_id`, `statut`, `produit_id`, `nom`, `prenom`, `phone`, `adresse`, `quantite`, `ville`) VALUES (51, 40, 61, NULL, 'refusee', 38, 'Aicha', 'Mabrouk', '95520840', 'Rue de la Republique, 69', 4, 'Monastir');
INSERT INTO `commandes` (`id`, `client_id`, `vendeur_id`, `livreur_id`, `statut`, `produit_id`, `nom`, `prenom`, `phone`, `adresse`, `quantite`, `ville`) VALUES (52, 52, 64, 77, 'livree', 20, 'Asma', 'Mathlouthi', '92192694', 'Rue de la Republique, 62', 3, 'Nabeul');
INSERT INTO `commandes` (`id`, `client_id`, `vendeur_id`, `livreur_id`, `statut`, `produit_id`, `nom`, `prenom`, `phone`, `adresse`, `quantite`, `ville`) VALUES (53, 40, 64, NULL, 'en attente livraison', 20, 'Mehdi', 'Ben Ammar', '97674172', 'Rue de la Republique, 100', 3, 'Jendouba');
INSERT INTO `commandes` (`id`, `client_id`, `vendeur_id`, `livreur_id`, `statut`, `produit_id`, `nom`, `prenom`, `phone`, `adresse`, `quantite`, `ville`) VALUES (54, 30, 60, NULL, 'refusee', 26, 'Sarah', 'Mathlouthi', '91216481', 'Rue de la Republique, 129', 3, 'Ben Arous');
INSERT INTO `commandes` (`id`, `client_id`, `vendeur_id`, `livreur_id`, `statut`, `produit_id`, `nom`, `prenom`, `phone`, `adresse`, `quantite`, `ville`) VALUES (55, 33, 67, NULL, 'refusee', 45, 'Fatma', 'Mathlouthi', '99650969', 'Rue de la Republique, 76', 1, 'Sidi Bouzid');
INSERT INTO `commandes` (`id`, `client_id`, `vendeur_id`, `livreur_id`, `statut`, `produit_id`, `nom`, `prenom`, `phone`, `adresse`, `quantite`, `ville`) VALUES (56, 33, 60, NULL, 'en attente livraison', 39, 'Khadija', 'Driss', '92832806', 'Rue de la Republique, 196', 4, 'Sousse');
INSERT INTO `commandes` (`id`, `client_id`, `vendeur_id`, `livreur_id`, `statut`, `produit_id`, `nom`, `prenom`, `phone`, `adresse`, `quantite`, `ville`) VALUES (57, 37, 58, 76, 'en livraison', 70, 'Hassan', 'Louati', '92979740', 'Rue de la Republique, 6', 3, 'Ariana');
INSERT INTO `commandes` (`id`, `client_id`, `vendeur_id`, `livreur_id`, `statut`, `produit_id`, `nom`, `prenom`, `phone`, `adresse`, `quantite`, `ville`) VALUES (58, 22, 65, NULL, 'refusee', 59, 'Aicha', 'Mabrouk', '93115109', 'Rue de la Republique, 103', 1, 'Ben Arous');
INSERT INTO `commandes` (`id`, `client_id`, `vendeur_id`, `livreur_id`, `statut`, `produit_id`, `nom`, `prenom`, `phone`, `adresse`, `quantite`, `ville`) VALUES (59, 23, 62, NULL, 'en attente', 75, 'Farah', 'Jelassi', '94890860', 'Rue de la Republique, 127', 4, 'Manouba');
INSERT INTO `commandes` (`id`, `client_id`, `vendeur_id`, `livreur_id`, `statut`, `produit_id`, `nom`, `prenom`, `phone`, `adresse`, `quantite`, `ville`) VALUES (60, 54, 67, NULL, 'refusee', 84, 'Hassan', 'Ben Ali', '98267710', 'Rue de la Republique, 133', 4, 'Ariana');
INSERT INTO `commandes` (`id`, `client_id`, `vendeur_id`, `livreur_id`, `statut`, `produit_id`, `nom`, `prenom`, `phone`, `adresse`, `quantite`, `ville`) VALUES (61, 29, 60, NULL, 'refusee', 87, 'Sarah', 'Trabelsi', '93683943', 'Rue de la Republique, 28', 2, 'Nabeul');
INSERT INTO `commandes` (`id`, `client_id`, `vendeur_id`, `livreur_id`, `statut`, `produit_id`, `nom`, `prenom`, `phone`, `adresse`, `quantite`, `ville`) VALUES (62, 47, 61, NULL, 'refusee', 43, 'Sami', 'Mathlouthi', '98775829', 'Rue de la Republique, 20', 4, 'Monastir');
INSERT INTO `commandes` (`id`, `client_id`, `vendeur_id`, `livreur_id`, `statut`, `produit_id`, `nom`, `prenom`, `phone`, `adresse`, `quantite`, `ville`) VALUES (63, 24, 64, 73, 'en livraison', 46, 'Nour', 'Ben Ammar', '98060995', 'Rue de la Republique, 67', 1, 'Mahdia');
INSERT INTO `commandes` (`id`, `client_id`, `vendeur_id`, `livreur_id`, `statut`, `produit_id`, `nom`, `prenom`, `phone`, `adresse`, `quantite`, `ville`) VALUES (64, 52, 65, 70, 'en livraison', 82, 'Asma', 'Trabelsi', '91034624', 'Rue de la Republique, 2', 4, 'Gafsa');
INSERT INTO `commandes` (`id`, `client_id`, `vendeur_id`, `livreur_id`, `statut`, `produit_id`, `nom`, `prenom`, `phone`, `adresse`, `quantite`, `ville`) VALUES (65, 30, 69, NULL, 'refusee', 24, 'Amine', 'Mabrouk', '92798224', 'Rue de la Republique, 120', 3, 'Nabeul');
INSERT INTO `commandes` (`id`, `client_id`, `vendeur_id`, `livreur_id`, `statut`, `produit_id`, `nom`, `prenom`, `phone`, `adresse`, `quantite`, `ville`) VALUES (66, 29, 69, 78, 'en livraison', 77, 'Nour', 'Driss', '98004853', 'Rue de la Republique, 73', 1, 'Zaghouan');
INSERT INTO `commandes` (`id`, `client_id`, `vendeur_id`, `livreur_id`, `statut`, `produit_id`, `nom`, `prenom`, `phone`, `adresse`, `quantite`, `ville`) VALUES (67, 54, 64, NULL, 'refusee', 29, 'Asma', 'Chabbi', '94348535', 'Rue de la Republique, 139', 4, 'Beja');
INSERT INTO `commandes` (`id`, `client_id`, `vendeur_id`, `livreur_id`, `statut`, `produit_id`, `nom`, `prenom`, `phone`, `adresse`, `quantite`, `ville`) VALUES (68, 37, 64, NULL, 'en attente', 20, 'Khadija', 'Gharbi', '93993169', 'Rue de la Republique, 195', 3, 'Beja');
INSERT INTO `commandes` (`id`, `client_id`, `vendeur_id`, `livreur_id`, `statut`, `produit_id`, `nom`, `prenom`, `phone`, `adresse`, `quantite`, `ville`) VALUES (69, 33, 59, 75, 'livree', 21, 'Ali', 'Ghazouani', '97229894', 'Rue de la Republique, 161', 3, 'Le Kef');
INSERT INTO `commandes` (`id`, `client_id`, `vendeur_id`, `livreur_id`, `statut`, `produit_id`, `nom`, `prenom`, `phone`, `adresse`, `quantite`, `ville`) VALUES (70, 35, 58, NULL, 'en attente', 74, 'Karim', 'Trabelsi', '94049778', 'Rue de la Republique, 53', 2, 'Gabes');
INSERT INTO `commandes` (`id`, `client_id`, `vendeur_id`, `livreur_id`, `statut`, `produit_id`, `nom`, `prenom`, `phone`, `adresse`, `quantite`, `ville`) VALUES (71, 48, 62, NULL, 'en attente livraison', 28, 'Fatma', 'Ayari', '96677333', 'Rue de la Republique, 101', 3, 'Zaghouan');
INSERT INTO `commandes` (`id`, `client_id`, `vendeur_id`, `livreur_id`, `statut`, `produit_id`, `nom`, `prenom`, `phone`, `adresse`, `quantite`, `ville`) VALUES (72, 30, 65, 72, 'livree', 73, 'Ines', 'Ben Ammar', '98682799', 'Rue de la Republique, 57', 1, 'Sfax');
INSERT INTO `commandes` (`id`, `client_id`, `vendeur_id`, `livreur_id`, `statut`, `produit_id`, `nom`, `prenom`, `phone`, `adresse`, `quantite`, `ville`) VALUES (73, 53, 60, NULL, 'refusee', 87, 'Mehdi', 'Louati', '97696097', 'Rue de la Republique, 64', 4, 'Bizerte');
INSERT INTO `commandes` (`id`, `client_id`, `vendeur_id`, `livreur_id`, `statut`, `produit_id`, `nom`, `prenom`, `phone`, `adresse`, `quantite`, `ville`) VALUES (74, 45, 67, 76, 'livree', 44, 'Ahmed', 'Chabbi', '98858926', 'Rue de la Republique, 148', 2, 'Beja');
INSERT INTO `commandes` (`id`, `client_id`, `vendeur_id`, `livreur_id`, `statut`, `produit_id`, `nom`, `prenom`, `phone`, `adresse`, `quantite`, `ville`) VALUES (75, 50, 61, NULL, 'refusee', 80, 'Youssef', 'Trabelsi', '95452323', 'Rue de la Republique, 29', 3, 'Mahdia');
INSERT INTO `commandes` (`id`, `client_id`, `vendeur_id`, `livreur_id`, `statut`, `produit_id`, `nom`, `prenom`, `phone`, `adresse`, `quantite`, `ville`) VALUES (76, 44, 60, 71, 'en livraison', 87, 'Yasmine', 'Driss', '94265883', 'Rue de la Republique, 45', 4, 'Tunis');
INSERT INTO `commandes` (`id`, `client_id`, `vendeur_id`, `livreur_id`, `statut`, `produit_id`, `nom`, `prenom`, `phone`, `adresse`, `quantite`, `ville`) VALUES (77, 28, 62, 79, 'livree', 63, 'Yasmine', 'Jelassi', '96975976', 'Rue de la Republique, 77', 1, 'Sfax');
INSERT INTO `commandes` (`id`, `client_id`, `vendeur_id`, `livreur_id`, `statut`, `produit_id`, `nom`, `prenom`, `phone`, `adresse`, `quantite`, `ville`) VALUES (78, 20, 69, 72, 'livree', 83, 'Youssef', 'Zouari', '99475692', 'Rue de la Republique, 195', 4, 'Bizerte');
INSERT INTO `commandes` (`id`, `client_id`, `vendeur_id`, `livreur_id`, `statut`, `produit_id`, `nom`, `prenom`, `phone`, `adresse`, `quantite`, `ville`) VALUES (79, 38, 60, 76, 'livree', 26, 'Sarah', 'Mabrouk', '94884498', 'Rue de la Republique, 173', 3, 'Tunis');
INSERT INTO `commandes` (`id`, `client_id`, `vendeur_id`, `livreur_id`, `statut`, `produit_id`, `nom`, `prenom`, `phone`, `adresse`, `quantite`, `ville`) VALUES (80, 36, 62, 76, 'en livraison', 75, 'Karim', 'Jelassi', '93971927', 'Rue de la Republique, 47', 1, 'Kairouan');
INSERT INTO `commandes` (`id`, `client_id`, `vendeur_id`, `livreur_id`, `statut`, `produit_id`, `nom`, `prenom`, `phone`, `adresse`, `quantite`, `ville`) VALUES (81, 49, 59, NULL, 'en attente', 21, 'Asma', 'Mabrouk', '95391392', 'Rue de la Republique, 159', 2, 'Nabeul');
INSERT INTO `commandes` (`id`, `client_id`, `vendeur_id`, `livreur_id`, `statut`, `produit_id`, `nom`, `prenom`, `phone`, `adresse`, `quantite`, `ville`) VALUES (82, 40, 62, NULL, 'en attente', 78, 'Hassan', 'Louati', '95268680', 'Rue de la Republique, 183', 4, 'Ben Arous');
INSERT INTO `commandes` (`id`, `client_id`, `vendeur_id`, `livreur_id`, `statut`, `produit_id`, `nom`, `prenom`, `phone`, `adresse`, `quantite`, `ville`) VALUES (83, 53, 59, 78, 'en livraison', 53, 'Mehdi', 'Ben Ammar', '92121061', 'Rue de la Republique, 101', 1, 'Siliana');
INSERT INTO `commandes` (`id`, `client_id`, `vendeur_id`, `livreur_id`, `statut`, `produit_id`, `nom`, `prenom`, `phone`, `adresse`, `quantite`, `ville`) VALUES (84, 21, 62, NULL, 'en attente', 55, 'Ahmed', 'Ben Ammar', '96894877', 'Rue de la Republique, 163', 1, 'Jendouba');
INSERT INTO `commandes` (`id`, `client_id`, `vendeur_id`, `livreur_id`, `statut`, `produit_id`, `nom`, `prenom`, `phone`, `adresse`, `quantite`, `ville`) VALUES (85, 25, 61, NULL, 'en attente', 80, 'Mohamed', 'Mathlouthi', '91883505', 'Rue de la Republique, 136', 2, 'Sfax');
INSERT INTO `commandes` (`id`, `client_id`, `vendeur_id`, `livreur_id`, `statut`, `produit_id`, `nom`, `prenom`, `phone`, `adresse`, `quantite`, `ville`) VALUES (86, 41, 62, NULL, 'en attente', 55, 'Ahmed', 'Trabelsi', '96026502', 'Rue de la Republique, 59', 4, 'Tunis');
INSERT INTO `commandes` (`id`, `client_id`, `vendeur_id`, `livreur_id`, `statut`, `produit_id`, `nom`, `prenom`, `phone`, `adresse`, `quantite`, `ville`) VALUES (87, 32, 58, NULL, 'en attente', 74, 'Fatma', 'Trabelsi', '99027834', 'Rue de la Republique, 142', 4, 'Gafsa');
INSERT INTO `commandes` (`id`, `client_id`, `vendeur_id`, `livreur_id`, `statut`, `produit_id`, `nom`, `prenom`, `phone`, `adresse`, `quantite`, `ville`) VALUES (88, 21, 61, 72, 'en livraison', 54, 'Aicha', 'Ben Ammar', '91355421', 'Rue de la Republique, 22', 3, 'Jendouba');
INSERT INTO `commandes` (`id`, `client_id`, `vendeur_id`, `livreur_id`, `statut`, `produit_id`, `nom`, `prenom`, `phone`, `adresse`, `quantite`, `ville`) VALUES (89, 50, 60, 72, 'en livraison', 31, 'Hassan', 'Trabelsi', '97370851', 'Rue de la Republique, 144', 2, 'Sidi Bouzid');
INSERT INTO `commentaires` (`id`, `contenu`, `client_id`, `produit_id`, `note`) VALUES (20, 'Excellent, je vais en racheter un autre pour l''offrir.', 42, 20, 5);
INSERT INTO `commentaires` (`id`, `contenu`, `client_id`, `produit_id`, `note`) VALUES (21, 'Tres pratique, s''integre parfaitement.', 47, 31, 4);
INSERT INTO `commentaires` (`id`, `contenu`, `client_id`, `produit_id`, `note`) VALUES (22, 'Super rapport qualite-prix, bravo.', 27, 50, 5);
INSERT INTO `commentaires` (`id`, `contenu`, `client_id`, `produit_id`, `note`) VALUES (23, 'Incroyable, la qualite est au rendez-vous.', 38, 30, 3);
INSERT INTO `commentaires` (`id`, `contenu`, `client_id`, `produit_id`, `note`) VALUES (24, 'Incroyable, la qualite est au rendez-vous.', 54, 57, 3);
INSERT INTO `commentaires` (`id`, `contenu`, `client_id`, `produit_id`, `note`) VALUES (25, 'Pas mal, fait le job.', 50, 58, 5);
INSERT INTO `commentaires` (`id`, `contenu`, `client_id`, `produit_id`, `note`) VALUES (26, 'Couleur legerement differente de la photo, sinon bien.', 29, 48, 2);
INSERT INTO `commentaires` (`id`, `contenu`, `client_id`, `produit_id`, `note`) VALUES (27, 'Produit conforme a la description, tres satisfait.', 36, 28, 3);
INSERT INTO `commentaires` (`id`, `contenu`, `client_id`, `produit_id`, `note`) VALUES (28, 'Couleur legerement differente de la photo, sinon bien.', 31, 81, 5);
INSERT INTO `commentaires` (`id`, `contenu`, `client_id`, `produit_id`, `note`) VALUES (29, 'Super rapport qualite-prix, bravo.', 32, 24, 4);
INSERT INTO `commentaires` (`id`, `contenu`, `client_id`, `produit_id`, `note`) VALUES (30, 'Couleur legerement differente de la photo, sinon bien.', 27, 36, 5);
INSERT INTO `commentaires` (`id`, `contenu`, `client_id`, `produit_id`, `note`) VALUES (31, 'Pas mal, fait le job.', 45, 84, 3);
INSERT INTO `commentaires` (`id`, `contenu`, `client_id`, `produit_id`, `note`) VALUES (32, 'C''est exactement ce que je cherchais. Merci !', 54, 28, 1);
INSERT INTO `commentaires` (`id`, `contenu`, `client_id`, `produit_id`, `note`) VALUES (33, 'Je recommande vivement ce vendeur !', 27, 28, 4);
INSERT INTO `commentaires` (`id`, `contenu`, `client_id`, `produit_id`, `note`) VALUES (34, 'Super rapport qualite-prix, bravo.', 49, 71, 5);
INSERT INTO `commentaires` (`id`, `contenu`, `client_id`, `produit_id`, `note`) VALUES (35, 'Pas mal, fait le job.', 40, 49, 3);
INSERT INTO `commentaires` (`id`, `contenu`, `client_id`, `produit_id`, `note`) VALUES (36, 'C''est exactement ce que je cherchais. Merci !', 29, 34, 4);
INSERT INTO `commentaires` (`id`, `contenu`, `client_id`, `produit_id`, `note`) VALUES (37, 'Super rapport qualite-prix, bravo.', 47, 78, 3);
INSERT INTO `commentaires` (`id`, `contenu`, `client_id`, `produit_id`, `note`) VALUES (38, 'Un peu cher pour ce que c''est, mais fonctionnel.', 44, 70, 4);
INSERT INTO `commentaires` (`id`, `contenu`, `client_id`, `produit_id`, `note`) VALUES (39, 'Couleur legerement differente de la photo, sinon bien.', 42, 20, 3);
INSERT INTO `commentaires` (`id`, `contenu`, `client_id`, `produit_id`, `note`) VALUES (40, 'La livraison a ete un peu longue, mais le produit est top.', 42, 30, 3);
INSERT INTO `commentaires` (`id`, `contenu`, `client_id`, `produit_id`, `note`) VALUES (41, 'Excellent, je vais en racheter un autre pour l''offrir.', 36, 80, 3);
INSERT INTO `commentaires` (`id`, `contenu`, `client_id`, `produit_id`, `note`) VALUES (42, 'Incroyable, la qualite est au rendez-vous.', 31, 85, 1);
INSERT INTO `commentaires` (`id`, `contenu`, `client_id`, `produit_id`, `note`) VALUES (43, 'C''est exactement ce que je cherchais. Merci !', 37, 70, 3);
INSERT INTO `commentaires` (`id`, `contenu`, `client_id`, `produit_id`, `note`) VALUES (44, 'Pas mal, fait le job.', 53, 62, 5);
INSERT INTO `commentaires` (`id`, `contenu`, `client_id`, `produit_id`, `note`) VALUES (45, 'C''est exactement ce que je cherchais. Merci !', 42, 34, 1);
INSERT INTO `commentaires` (`id`, `contenu`, `client_id`, `produit_id`, `note`) VALUES (46, 'Je recommande vivement ce vendeur !', 30, 60, 5);
INSERT INTO `commentaires` (`id`, `contenu`, `client_id`, `produit_id`, `note`) VALUES (47, 'Excellent, je vais en racheter un autre pour l''offrir.', 43, 49, 2);
INSERT INTO `commentaires` (`id`, `contenu`, `client_id`, `produit_id`, `note`) VALUES (48, 'Incroyable, la qualite est au rendez-vous.', 21, 85, 5);
INSERT INTO `commentaires` (`id`, `contenu`, `client_id`, `produit_id`, `note`) VALUES (49, 'Je recommande vivement ce vendeur !', 37, 83, 2);
INSERT INTO `commentaires` (`id`, `contenu`, `client_id`, `produit_id`, `note`) VALUES (50, 'Super rapport qualite-prix, bravo.', 47, 22, 5);
INSERT INTO `commentaires` (`id`, `contenu`, `client_id`, `produit_id`, `note`) VALUES (51, 'C''est exactement ce que je cherchais. Merci !', 32, 77, 4);
INSERT INTO `commentaires` (`id`, `contenu`, `client_id`, `produit_id`, `note`) VALUES (52, 'Couleur legerement differente de la photo, sinon bien.', 34, 28, 5);
INSERT INTO `commentaires` (`id`, `contenu`, `client_id`, `produit_id`, `note`) VALUES (53, 'Super rapport qualite-prix, bravo.', 47, 74, 1);
INSERT INTO `commentaires` (`id`, `contenu`, `client_id`, `produit_id`, `note`) VALUES (54, 'Super rapport qualite-prix, bravo.', 24, 24, 5);
INSERT INTO `commentaires` (`id`, `contenu`, `client_id`, `produit_id`, `note`) VALUES (55, 'C''est exactement ce que je cherchais. Merci !', 49, 78, 3);
INSERT INTO `commentaires` (`id`, `contenu`, `client_id`, `produit_id`, `note`) VALUES (56, 'Couleur legerement differente de la photo, sinon bien.', 25, 71, 4);
INSERT INTO `commentaires` (`id`, `contenu`, `client_id`, `produit_id`, `note`) VALUES (57, 'La livraison a ete un peu longue, mais le produit est top.', 30, 82, 4);
INSERT INTO `commentaires` (`id`, `contenu`, `client_id`, `produit_id`, `note`) VALUES (58, 'Couleur legerement differente de la photo, sinon bien.', 24, 67, 3);
INSERT INTO `commentaires` (`id`, `contenu`, `client_id`, `produit_id`, `note`) VALUES (59, 'Tres pratique, s''integre parfaitement.', 51, 77, 4);
INSERT INTO `commentaires` (`id`, `contenu`, `client_id`, `produit_id`, `note`) VALUES (60, 'Incroyable, la qualite est au rendez-vous.', 31, 88, 5);
INSERT INTO `commentaires` (`id`, `contenu`, `client_id`, `produit_id`, `note`) VALUES (61, 'Produit conforme a la description, tres satisfait.', 20, 54, 5);
INSERT INTO `commentaires` (`id`, `contenu`, `client_id`, `produit_id`, `note`) VALUES (62, 'Couleur legerement differente de la photo, sinon bien.', 40, 50, 4);
INSERT INTO `commentaires` (`id`, `contenu`, `client_id`, `produit_id`, `note`) VALUES (63, 'Super rapport qualite-prix, bravo.', 31, 67, 3);
INSERT INTO `commentaires` (`id`, `contenu`, `client_id`, `produit_id`, `note`) VALUES (64, 'Incroyable, la qualite est au rendez-vous.', 33, 27, 4);
INSERT INTO `commentaires` (`id`, `contenu`, `client_id`, `produit_id`, `note`) VALUES (65, 'Couleur legerement differente de la photo, sinon bien.', 29, 82, 5);
INSERT INTO `commentaires` (`id`, `contenu`, `client_id`, `produit_id`, `note`) VALUES (66, 'Couleur legerement differente de la photo, sinon bien.', 48, 89, 3);
INSERT INTO `commentaires` (`id`, `contenu`, `client_id`, `produit_id`, `note`) VALUES (67, 'Incroyable, la qualite est au rendez-vous.', 33, 25, 2);
INSERT INTO `commentaires` (`id`, `contenu`, `client_id`, `produit_id`, `note`) VALUES (68, 'Excellent, je vais en racheter un autre pour l''offrir.', 40, 50, 3);
INSERT INTO `commentaires` (`id`, `contenu`, `client_id`, `produit_id`, `note`) VALUES (69, 'Couleur legerement differente de la photo, sinon bien.', 26, 23, 5);
INSERT INTO `commentaires` (`id`, `contenu`, `client_id`, `produit_id`, `note`) VALUES (70, 'La livraison a ete un peu longue, mais le produit est top.', 23, 63, 3);
INSERT INTO `commentaires` (`id`, `contenu`, `client_id`, `produit_id`, `note`) VALUES (71, 'Excellent, je vais en racheter un autre pour l''offrir.', 30, 72, 4);
INSERT INTO `commentaires` (`id`, `contenu`, `client_id`, `produit_id`, `note`) VALUES (72, 'Un peu cher pour ce que c''est, mais fonctionnel.', 41, 78, 3);
INSERT INTO `commentaires` (`id`, `contenu`, `client_id`, `produit_id`, `note`) VALUES (73, 'Excellent, je vais en racheter un autre pour l''offrir.', 44, 45, 1);
INSERT INTO `commentaires` (`id`, `contenu`, `client_id`, `produit_id`, `note`) VALUES (74, 'Decevant, je m''attendais a mieux vu le prix.', 30, 21, 4);
INSERT INTO `commentaires` (`id`, `contenu`, `client_id`, `produit_id`, `note`) VALUES (75, 'Pas mal, fait le job.', 32, 50, 2);
INSERT INTO `commentaires` (`id`, `contenu`, `client_id`, `produit_id`, `note`) VALUES (76, 'Pas mal, fait le job.', 29, 51, 5);
INSERT INTO `commentaires` (`id`, `contenu`, `client_id`, `produit_id`, `note`) VALUES (77, 'Super rapport qualite-prix, bravo.', 42, 55, 5);
INSERT INTO `commentaires` (`id`, `contenu`, `client_id`, `produit_id`, `note`) VALUES (78, 'Produit conforme a la description, tres satisfait.', 49, 36, 2);
INSERT INTO `commentaires` (`id`, `contenu`, `client_id`, `produit_id`, `note`) VALUES (79, 'Produit conforme a la description, tres satisfait.', 22, 69, 5);
INSERT INTO `commentaires` (`id`, `contenu`, `client_id`, `produit_id`, `note`) VALUES (80, 'Super rapport qualite-prix, bravo.', 39, 22, 4);
INSERT INTO `commentaires` (`id`, `contenu`, `client_id`, `produit_id`, `note`) VALUES (81, 'C''est exactement ce que je cherchais. Merci !', 21, 64, 4);
INSERT INTO `commentaires` (`id`, `contenu`, `client_id`, `produit_id`, `note`) VALUES (82, 'Incroyable, la qualite est au rendez-vous.', 37, 78, 5);
INSERT INTO `commentaires` (`id`, `contenu`, `client_id`, `produit_id`, `note`) VALUES (83, 'Produit conforme a la description, tres satisfait.', 44, 67, 3);
INSERT INTO `commentaires` (`id`, `contenu`, `client_id`, `produit_id`, `note`) VALUES (84, 'Decevant, je m''attendais a mieux vu le prix.', 53, 51, 5);
INSERT INTO `commentaires` (`id`, `contenu`, `client_id`, `produit_id`, `note`) VALUES (85, 'Tres pratique, s''integre parfaitement.', 50, 45, 3);
INSERT INTO `commentaires` (`id`, `contenu`, `client_id`, `produit_id`, `note`) VALUES (86, 'La livraison a ete un peu longue, mais le produit est top.', 45, 37, 2);
INSERT INTO `commentaires` (`id`, `contenu`, `client_id`, `produit_id`, `note`) VALUES (87, 'Pas mal, fait le job.', 40, 69, 4);
INSERT INTO `commentaires` (`id`, `contenu`, `client_id`, `produit_id`, `note`) VALUES (88, 'Je recommande vivement ce vendeur !', 46, 71, 5);
INSERT INTO `commentaires` (`id`, `contenu`, `client_id`, `produit_id`, `note`) VALUES (89, 'Produit conforme a la description, tres satisfait.', 54, 47, 5);
INSERT INTO `commentaires` (`id`, `contenu`, `client_id`, `produit_id`, `note`) VALUES (90, 'La livraison a ete un peu longue, mais le produit est top.', 36, 34, 5);
INSERT INTO `commentaires` (`id`, `contenu`, `client_id`, `produit_id`, `note`) VALUES (91, 'Un peu cher pour ce que c''est, mais fonctionnel.', 27, 22, 3);
INSERT INTO `commentaires` (`id`, `contenu`, `client_id`, `produit_id`, `note`) VALUES (92, 'Tres pratique, s''integre parfaitement.', 47, 89, 5);
INSERT INTO `commentaires` (`id`, `contenu`, `client_id`, `produit_id`, `note`) VALUES (93, 'Un peu cher pour ce que c''est, mais fonctionnel.', 31, 89, 1);
INSERT INTO `commentaires` (`id`, `contenu`, `client_id`, `produit_id`, `note`) VALUES (94, 'C''est exactement ce que je cherchais. Merci !', 28, 22, 4);
INSERT INTO `commentaires` (`id`, `contenu`, `client_id`, `produit_id`, `note`) VALUES (95, 'Produit conforme a la description, tres satisfait.', 50, 76, 1);
INSERT INTO `commentaires` (`id`, `contenu`, `client_id`, `produit_id`, `note`) VALUES (96, 'Pas mal, fait le job.', 35, 32, 4);
INSERT INTO `commentaires` (`id`, `contenu`, `client_id`, `produit_id`, `note`) VALUES (97, 'Pas mal, fait le job.', 27, 64, 4);
INSERT INTO `commentaires` (`id`, `contenu`, `client_id`, `produit_id`, `note`) VALUES (98, 'Incroyable, la qualite est au rendez-vous.', 45, 72, 5);
INSERT INTO `commentaires` (`id`, `contenu`, `client_id`, `produit_id`, `note`) VALUES (99, 'Excellent, je vais en racheter un autre pour l''offrir.', 50, 66, 4);
INSERT INTO `messages` (`id`, `sender_id`, `receiver_id`, `message`, `is_read`) VALUES (10, 28, 58, 'Le prix est deja tres bas, desole.', 1);
INSERT INTO `messages` (`id`, `sender_id`, `receiver_id`, `message`, `is_read`) VALUES (11, 43, 60, 'Est-ce que la livraison est incluse ?', 0);
INSERT INTO `messages` (`id`, `sender_id`, `receiver_id`, `message`, `is_read`) VALUES (12, 53, 67, 'Oui, absolument !', 0);
INSERT INTO `messages` (`id`, `sender_id`, `receiver_id`, `message`, `is_read`) VALUES (13, 32, 64, 'Pouvez-vous me faire un prix ?', 1);
INSERT INTO `messages` (`id`, `sender_id`, `receiver_id`, `message`, `is_read`) VALUES (14, 51, 60, 'Merci pour votre achat !', 1);
INSERT INTO `messages` (`id`, `sender_id`, `receiver_id`, `message`, `is_read`) VALUES (15, 37, 69, 'Pouvez-vous me faire un prix ?', 1);
INSERT INTO `messages` (`id`, `sender_id`, `receiver_id`, `message`, `is_read`) VALUES (16, 25, 58, 'Oui, absolument !', 0);
INSERT INTO `messages` (`id`, `sender_id`, `receiver_id`, `message`, `is_read`) VALUES (17, 46, 62, 'Avez-vous d''autres couleurs ?', 0);
INSERT INTO `messages` (`id`, `sender_id`, `receiver_id`, `message`, `is_read`) VALUES (18, 20, 61, 'Merci pour votre achat !', 1);
INSERT INTO `messages` (`id`, `sender_id`, `receiver_id`, `message`, `is_read`) VALUES (19, 32, 60, 'Oui, absolument !', 0);
INSERT INTO `messages` (`id`, `sender_id`, `receiver_id`, `message`, `is_read`) VALUES (20, 44, 60, 'Oui, absolument !', 0);
INSERT INTO `messages` (`id`, `sender_id`, `receiver_id`, `message`, `is_read`) VALUES (21, 30, 60, 'Merci pour votre achat !', 1);
INSERT INTO `messages` (`id`, `sender_id`, `receiver_id`, `message`, `is_read`) VALUES (22, 34, 69, 'Bonjour, le produit est-il toujours disponible ?', 1);
INSERT INTO `messages` (`id`, `sender_id`, `receiver_id`, `message`, `is_read`) VALUES (23, 21, 62, 'Le prix est deja tres bas, desole.', 1);
INSERT INTO `messages` (`id`, `sender_id`, `receiver_id`, `message`, `is_read`) VALUES (24, 26, 62, 'D''accord, je vais le prendre.', 0);
INSERT INTO `messages` (`id`, `sender_id`, `receiver_id`, `message`, `is_read`) VALUES (25, 40, 64, 'Est-ce que la livraison est incluse ?', 1);
INSERT INTO `messages` (`id`, `sender_id`, `receiver_id`, `message`, `is_read`) VALUES (26, 35, 60, 'Non, la livraison est en supplement.', 1);
INSERT INTO `messages` (`id`, `sender_id`, `receiver_id`, `message`, `is_read`) VALUES (27, 51, 67, 'Est-ce que la livraison est incluse ?', 0);
INSERT INTO `messages` (`id`, `sender_id`, `receiver_id`, `message`, `is_read`) VALUES (28, 28, 65, 'Oui, absolument !', 0);
INSERT INTO `messages` (`id`, `sender_id`, `receiver_id`, `message`, `is_read`) VALUES (29, 30, 64, 'Est-ce que la livraison est incluse ?', 1);
INSERT INTO `messages` (`id`, `sender_id`, `receiver_id`, `message`, `is_read`) VALUES (30, 50, 64, 'Avez-vous d''autres couleurs ?', 0);
INSERT INTO `messages` (`id`, `sender_id`, `receiver_id`, `message`, `is_read`) VALUES (31, 37, 59, 'Parfait, merci.', 0);
INSERT INTO `messages` (`id`, `sender_id`, `receiver_id`, `message`, `is_read`) VALUES (32, 38, 62, 'Le prix est deja tres bas, desole.', 0);
INSERT INTO `messages` (`id`, `sender_id`, `receiver_id`, `message`, `is_read`) VALUES (33, 44, 61, 'Merci pour votre achat !', 1);
INSERT INTO `messages` (`id`, `sender_id`, `receiver_id`, `message`, `is_read`) VALUES (34, 41, 69, 'D''accord, je vais le prendre.', 1);
INSERT INTO `messages` (`id`, `sender_id`, `receiver_id`, `message`, `is_read`) VALUES (35, 53, 61, 'Pouvez-vous me faire un prix ?', 0);
INSERT INTO `messages` (`id`, `sender_id`, `receiver_id`, `message`, `is_read`) VALUES (36, 36, 65, 'Merci pour votre achat !', 0);
INSERT INTO `messages` (`id`, `sender_id`, `receiver_id`, `message`, `is_read`) VALUES (37, 27, 65, 'D''accord, je vais le prendre.', 0);
INSERT INTO `messages` (`id`, `sender_id`, `receiver_id`, `message`, `is_read`) VALUES (38, 29, 67, 'Est-ce que la livraison est incluse ?', 0);
INSERT INTO `messages` (`id`, `sender_id`, `receiver_id`, `message`, `is_read`) VALUES (39, 26, 64, 'Bonjour, le produit est-il toujours disponible ?', 1);
INSERT INTO `messages` (`id`, `sender_id`, `receiver_id`, `message`, `is_read`) VALUES (40, 54, 60, 'Oui, absolument !', 1);
INSERT INTO `messages` (`id`, `sender_id`, `receiver_id`, `message`, `is_read`) VALUES (41, 30, 58, 'Le prix est deja tres bas, desole.', 1);
INSERT INTO `messages` (`id`, `sender_id`, `receiver_id`, `message`, `is_read`) VALUES (42, 43, 60, 'Oui, absolument !', 0);
INSERT INTO `messages` (`id`, `sender_id`, `receiver_id`, `message`, `is_read`) VALUES (43, 42, 67, 'Non, c''est le seul modele.', 1);
INSERT INTO `messages` (`id`, `sender_id`, `receiver_id`, `message`, `is_read`) VALUES (44, 40, 69, 'Bonjour, le produit est-il toujours disponible ?', 1);
INSERT INTO `messages` (`id`, `sender_id`, `receiver_id`, `message`, `is_read`) VALUES (45, 37, 61, 'D''accord, je vais le prendre.', 0);
INSERT INTO `messages` (`id`, `sender_id`, `receiver_id`, `message`, `is_read`) VALUES (46, 53, 64, 'Est-ce que la livraison est incluse ?', 0);
INSERT INTO `messages` (`id`, `sender_id`, `receiver_id`, `message`, `is_read`) VALUES (47, 31, 65, 'D''accord, je vais le prendre.', 0);
INSERT INTO `messages` (`id`, `sender_id`, `receiver_id`, `message`, `is_read`) VALUES (48, 53, 64, 'Bonjour, le produit est-il toujours disponible ?', 1);
INSERT INTO `messages` (`id`, `sender_id`, `receiver_id`, `message`, `is_read`) VALUES (49, 42, 59, 'Oui, absolument !', 0);


-- Conversation 5 : Entre Client ID 28 et Vendeur ID 57
INSERT INTO  (uid=502(adem) gid=20(staff) groups=20(staff),12(everyone),61(localaccounts),79(_appserverusr),80(admin),81(_appserveradm),701(com.apple.sharepoint.group.1),33(_appstore),98(_lpadmin),100(_lpoperator),204(_developer),250(_analyticsusers),395(com.apple.access_ftp),398(com.apple.access_screensharing),399(com.apple.access_ssh),400(com.apple.access_remote_ae), , , , ) VALUES  
(68, 28, 57, 'Bonjour, est-ce que ce produit est sous garantie ?', 1),
(69, 57, 28, 'Bonjour ! Oui, il a une garantie constructeur de 12 mois.', 1),
(70, 28, 57, 'Parfait. Et si j''ai un problème, je vous le ramène ou je contacte le constructeur ?', 1),
(71, 57, 28, 'Vous passez par moi directement, je m''occupe du SAV.', 1),
(72, 28, 57, 'Excellent, je passe la commande de suite.', 1),
(73, 57, 28, 'Merci pour votre confiance !', 1);

-- Conversation 6 : Entre Client ID 30 et Vendeur ID 61
INSERT INTO  (uid=502(adem) gid=20(staff) groups=20(staff),12(everyone),61(localaccounts),79(_appserverusr),80(admin),81(_appserveradm),701(com.apple.sharepoint.group.1),33(_appstore),98(_lpadmin),100(_lpoperator),204(_developer),250(_analyticsusers),395(com.apple.access_ftp),398(com.apple.access_screensharing),399(com.apple.access_ssh),400(com.apple.access_remote_ae), , , , ) VALUES  
(74, 30, 61, 'Salut, je suis intéressé par plusieurs articles. Vous faites un prix de gros ?', 1),
(75, 61, 30, 'Bonjour. Oui, à partir de 5 articles je peux vous faire -15%.', 1),
(76, 30, 61, 'Je vais en prendre 6. Comment on fait pour le paiement avec la réduction ?', 1),
(77, 61, 30, 'Passez la commande, choisissez paiement à la livraison, et je déduirai la réduction sur la facture finale.', 1),
(78, 30, 61, 'C''est noté, commande passée.', 1),
(79, 61, 30, 'Bien reçu, je prépare le colis.', 0);

-- Conversation 7 : Entre Client ID 28 et Vendeur ID 59
INSERT INTO  (uid=502(adem) gid=20(staff) groups=20(staff),12(everyone),61(localaccounts),79(_appserverusr),80(admin),81(_appserveradm),701(com.apple.sharepoint.group.1),33(_appstore),98(_lpadmin),100(_lpoperator),204(_developer),250(_analyticsusers),395(com.apple.access_ftp),398(com.apple.access_screensharing),399(com.apple.access_ssh),400(com.apple.access_remote_ae), , , , ) VALUES  
(80, 28, 59, 'Bonjour, le produit est exactement comme sur la photo ?', 1),
(81, 59, 28, 'Bonjour, oui ce sont nos propres photos, le produit est 100% identique.', 1),
(82, 28, 59, 'D''accord, car j''ai eu de mauvaises surprises avec d''autres vendeurs.', 1),
(83, 59, 28, 'Ne vous inquiétez pas, vous pouvez vérifier le colis avant de payer le livreur.', 1),
(84, 28, 59, 'Super, ça me rassure. Merci.', 1),
(85, 59, 28, 'A votre service !', 1);

-- Conversation 8 : Entre Client ID 54 et Vendeur ID 58
INSERT INTO  (uid=502(adem) gid=20(staff) groups=20(staff),12(everyone),61(localaccounts),79(_appserverusr),80(admin),81(_appserveradm),701(com.apple.sharepoint.group.1),33(_appstore),98(_lpadmin),100(_lpoperator),204(_developer),250(_analyticsusers),395(com.apple.access_ftp),398(com.apple.access_screensharing),399(com.apple.access_ssh),400(com.apple.access_remote_ae), , , , ) VALUES  
(86, 54, 58, 'Bonsoir, l''article est neuf ou reconditionné ?', 1),
(87, 58, 54, 'Bonsoir, c''est un article 100% neuf, sous blister.', 1),


-- Conversation 5 : Entre Client ID 24 et Vendeur ID 69
INSERT INTO `messages` (`id`, `sender_id`, `receiver_id`, `message`, `is_read`) VALUES  
(68, 24, 69, 'Bonjour, est-ce que ce produit est sous garantie ?', 1),
(69, 69, 24, 'Bonjour ! Oui, il a une garantie constructeur de 12 mois.', 1),
(70, 24, 69, 'Parfait. Et si j''ai un problème, je vous le ramène ou je contacte le constructeur ?', 1),
(71, 69, 24, 'Vous passez par moi directement, je m''occupe du SAV.', 1),
(72, 24, 69, 'Excellent, je passe la commande de suite.', 1),
(73, 69, 24, 'Merci pour votre confiance !', 0);

-- Conversation 6 : Entre Client ID 29 et Vendeur ID 58
INSERT INTO `messages` (`id`, `sender_id`, `receiver_id`, `message`, `is_read`) VALUES  
(74, 29, 58, 'Salut, je suis intéressé par plusieurs articles. Vous faites un prix de gros ?', 1),
(75, 58, 29, 'Bonjour. Oui, à partir de 5 articles je peux vous faire -15%.', 1),
(76, 29, 58, 'Je vais en prendre 6. Comment on fait pour le paiement avec la réduction ?', 1),
(77, 58, 29, 'Passez la commande, choisissez paiement à la livraison, et je déduirai la réduction sur la facture finale.', 1),
(78, 29, 58, 'C''est noté, commande passée.', 1),
(79, 58, 29, 'Bien reçu, je prépare le colis.', 1);

-- Conversation 7 : Entre Client ID 20 et Vendeur ID 68
INSERT INTO `messages` (`id`, `sender_id`, `receiver_id`, `message`, `is_read`) VALUES  
(80, 20, 68, 'Bonjour, le produit est exactement comme sur la photo ?', 1),
(81, 68, 20, 'Bonjour, oui ce sont nos propres photos, le produit est 100% identique.', 1),
(82, 20, 68, 'D''accord, car j''ai eu de mauvaises surprises avec d''autres vendeurs.', 1),
(83, 68, 20, 'Ne vous inquiétez pas, vous pouvez vérifier le colis avant de payer le livreur.', 1),
(84, 20, 68, 'Super, ça me rassure. Merci.', 1),
(85, 68, 20, 'A votre service !', 0);

-- Conversation 8 : Entre Client ID 47 et Vendeur ID 56
INSERT INTO `messages` (`id`, `sender_id`, `receiver_id`, `message`, `is_read`) VALUES  
(86, 47, 56, 'Bonsoir, l''article est neuf ou reconditionné ?', 1),
(87, 56, 47, 'Bonsoir, c''est un article 100% neuf, sous blister.', 1),
(88, 47, 56, 'D''accord, et vous livrez à Kairouan ?', 1),
(89, 56, 47, 'Oui, la livraison se fait partout en Tunisie en 24/48h.', 1),
(90, 47, 56, 'Parfait, je vais commander.', 1),
(91, 56, 47, 'Merci, bonne soirée.', 1);

-- Conversation 9 : Entre Client ID 23 et Vendeur ID 68
INSERT INTO `messages` (`id`, `sender_id`, `receiver_id`, `message`, `is_read`) VALUES  
(92, 23, 68, 'Salut, est-ce qu''il y a d''autres couleurs disponibles ?', 1),
(93, 68, 23, 'Salut, oui nous avons noir, blanc, et bleu.', 1),
(94, 23, 68, 'Le bleu est foncé ou clair ?', 1),
(95, 68, 23, 'C''est un bleu nuit, assez foncé.', 1),
(96, 23, 68, 'Ok, mettez-moi un bleu s''il vous plaît.', 1),
(97, 68, 23, 'C''est noté dans votre dossier. Merci.', 0);

-- Conversation 10 : Entre Client ID 32 et Vendeur ID 67
INSERT INTO `messages` (`id`, `sender_id`, `receiver_id`, `message`, `is_read`) VALUES  
(98, 32, 67, 'Bonjour, je n''arrive pas à utiliser le code promo.', 1),
(99, 67, 32, 'Bonjour, quel code essayez-vous d''utiliser ?', 1),
(100, 32, 67, 'Le code BIENVENUE10.', 1),
(101, 67, 32, 'Ce code n''est valable que pour la première commande. Avez-vous déjà acheté chez nous ?', 1),
(102, 32, 67, 'Ah oui, c''est ma deuxième commande. Tant pis !', 1),
(103, 67, 32, 'Je vous offre la livraison gratuite exceptionnellement. Passez la commande.', 1);

-- Conversation 11 : Entre Client ID 45 et Vendeur ID 68
INSERT INTO `messages` (`id`, `sender_id`, `receiver_id`, `message`, `is_read`) VALUES  
(104, 45, 68, 'Bonjour, j''ai passé commande hier, quand est-ce que ça sera expédié ?', 1),
(105, 68, 45, 'Bonjour, votre commande a été remise au livreur ce matin.', 1),
(106, 45, 68, 'Ah super rapide ! Vous avez un numéro de suivi ?', 1),
(107, 68, 45, 'Le livreur va vous appeler d''ici demain pour fixer le rdv.', 1),
(108, 45, 68, 'Merci beaucoup.', 1),
(109, 68, 45, 'Je vous en prie.', 1);

-- Conversation 12 : Entre Client ID 39 et Vendeur ID 59
INSERT INTO `messages` (`id`, `sender_id`, `receiver_id`, `message`, `is_read`) VALUES  
(110, 39, 59, 'Salut, le produit est cassé à l''arrivée...', 1),
(111, 59, 39, 'Bonjour, je suis vraiment désolé. Pouvez-vous m''envoyer une photo ?', 1),
(112, 39, 59, 'Oui je viens de l''envoyer sur Whatsapp au numéro affiché.', 1),
(113, 59, 39, 'Je vois, c''est un problème de transport. On vous envoie un remplaçant demain.', 1),
(114, 39, 59, 'Merci pour votre réactivité.', 1),
(115, 59, 39, 'C''est la moindre des choses, encore désolé.', 1);

-- Conversation 13 : Entre Client ID 33 et Vendeur ID 56
INSERT INTO `messages` (`id`, `sender_id`, `receiver_id`, `message`, `is_read`) VALUES  
(116, 33, 56, 'Bonjour, je veux annuler ma commande numéro 45 s''il vous plaît.', 1),
(117, 56, 33, 'Bonjour, la commande n''est pas encore partie. Puis-je savoir pourquoi ?', 1),
(118, 33, 56, 'J''ai trouvé le même produit moins cher ailleurs.', 1),
(119, 56, 33, 'Je comprends. C''est annulé, bonne journée.', 1),
(120, 33, 56, 'Merci de votre compréhension.', 1),
(121, 56, 33, 'Au revoir.', 1);

-- Conversation 14 : Entre Client ID 47 et Vendeur ID 60
INSERT INTO `messages` (`id`, `sender_id`, `receiver_id`, `message`, `is_read`) VALUES  
(122, 47, 60, 'Coucou, l''emballage est comment ? C''est pour offrir en cadeau.', 1),
(123, 60, 47, 'Bonjour, il vient dans une belle boîte cartonnée avec le logo de la marque.', 1),
(124, 47, 60, 'Est-ce que je peux avoir un ruban ou un mot avec ?', 1),
(125, 60, 47, 'Oui, on peut rajouter une carte avec votre texte gratuitement.', 1),
(126, 47, 60, 'C''est génial, voici le texte: Joyeux anniversaire mon amour.', 1),
(127, 60, 47, 'C''est noté, on s''en occupe !', 0);

-- Conversation 15 : Entre Client ID 22 et Vendeur ID 66
INSERT INTO `messages` (`id`, `sender_id`, `receiver_id`, `message`, `is_read`) VALUES  
(128, 22, 66, 'Bonjour, avez-vous une boutique physique pour voir le produit ?', 1),
(129, 66, 22, 'Bonjour, non nous sommes exclusivement en ligne.', 1),
(130, 22, 66, 'Est-ce que je peux essayer avant d''acheter ?', 1),
(131, 66, 22, 'Oui, le livreur peut attendre que vous essayiez le produit.', 1),
(132, 22, 66, 'Super, je commande de suite.', 1),
(133, 66, 22, 'Merci, à très bientôt.', 0);

-- Conversation 16 : Entre Client ID 42 et Vendeur ID 62
INSERT INTO `messages` (`id`, `sender_id`, `receiver_id`, `message`, `is_read`) VALUES  
(134, 42, 62, 'Bonsoir, c''est du cuir véritable ?', 1),
(135, 62, 42, 'Bonsoir, oui c''est du cuir de vachette 100% véritable.', 1),
(136, 42, 62, 'D''accord, et ça ne s''abîme pas avec l''eau ?', 1),
(137, 62, 42, 'Il vaut mieux éviter le contact prolongé avec l''eau pour préserver le cuir.', 1),
(138, 42, 62, 'Merci pour le conseil.', 1),
(139, 62, 42, 'Avec plaisir.', 1);



-- Conversation 5 : Entre Client ID 26 et Vendeur ID 62
INSERT INTO `messages` (`id`, `sender_id`, `receiver_id`, `message`, `is_read`) VALUES 
(68, 26, 62, 'Bonjour, est-ce que ce produit est sous garantie ?', 1),
(69, 62, 26, 'Bonjour ! Oui, il a une garantie constructeur de 12 mois.', 1),
(70, 26, 62, 'Parfait. Et si j''ai un problème, je vous le ramène ou je contacte le constructeur ?', 1),
(71, 62, 26, 'Vous passez par moi directement, je m''occupe du SAV.', 1),
(72, 26, 62, 'Excellent, je passe la commande de suite.', 1),
(73, 62, 26, 'Merci pour votre confiance !', 1);

-- Conversation 6 : Entre Client ID 32 et Vendeur ID 67
INSERT INTO `messages` (`id`, `sender_id`, `receiver_id`, `message`, `is_read`) VALUES 
(74, 32, 67, 'Salut, je suis intéressé par plusieurs articles. Vous faites un prix de gros ?', 1),
(75, 67, 32, 'Bonjour. Oui, à partir de 5 articles je peux vous faire -15%.', 1),
(76, 32, 67, 'Je vais en prendre 6. Comment on fait pour le paiement avec la réduction ?', 1),
(77, 67, 32, 'Passez la commande, choisissez paiement à la livraison, et je déduirai la réduction sur la facture finale.', 1),
(78, 32, 67, 'C''est noté, commande passée.', 1),
(79, 67, 32, 'Bien reçu, je prépare le colis.', 0);

-- Conversation 7 : Entre Client ID 22 et Vendeur ID 67
INSERT INTO `messages` (`id`, `sender_id`, `receiver_id`, `message`, `is_read`) VALUES 
(80, 22, 67, 'Bonjour, le produit est exactement comme sur la photo ?', 1),
(81, 67, 22, 'Bonjour, oui ce sont nos propres photos, le produit est 100% identique.', 1),
(82, 22, 67, 'D''accord, car j''ai eu de mauvaises surprises avec d''autres vendeurs.', 1),
(83, 67, 22, 'Ne vous inquiétez pas, vous pouvez vérifier le colis avant de payer le livreur.', 1),
(84, 22, 67, 'Super, ça me rassure. Merci.', 1),
(85, 67, 22, 'A votre service !', 0);

-- Conversation 8 : Entre Client ID 39 et Vendeur ID 64
INSERT INTO `messages` (`id`, `sender_id`, `receiver_id`, `message`, `is_read`) VALUES 
(86, 39, 64, 'Bonsoir, l''article est neuf ou reconditionné ?', 1),
(87, 64, 39, 'Bonsoir, c''est un article 100% neuf, sous blister.', 1),
(88, 39, 64, 'D''accord, et vous livrez à Kairouan ?', 1),
(89, 64, 39, 'Oui, la livraison se fait partout en Tunisie en 24/48h.', 1),
(90, 39, 64, 'Parfait, je vais commander.', 1),
(91, 64, 39, 'Merci, bonne soirée.', 1);

-- Conversation 9 : Entre Client ID 27 et Vendeur ID 63
INSERT INTO `messages` (`id`, `sender_id`, `receiver_id`, `message`, `is_read`) VALUES 
(92, 27, 63, 'Salut, est-ce qu''il y a d''autres couleurs disponibles ?', 1),
(93, 63, 27, 'Salut, oui nous avons noir, blanc, et bleu.', 1),
(94, 27, 63, 'Le bleu est foncé ou clair ?', 1),
(95, 63, 27, 'C''est un bleu nuit, assez foncé.', 1),
(96, 27, 63, 'Ok, mettez-moi un bleu s''il vous plaît.', 1),
(97, 63, 27, 'C''est noté dans votre dossier. Merci.', 0);

-- Conversation 10 : Entre Client ID 35 et Vendeur ID 61
INSERT INTO `messages` (`id`, `sender_id`, `receiver_id`, `message`, `is_read`) VALUES 
(98, 35, 61, 'Bonjour, je n''arrive pas à utiliser le code promo.', 1),
(99, 61, 35, 'Bonjour, quel code essayez-vous d''utiliser ?', 1),
(100, 35, 61, 'Le code BIENVENUE10.', 1),
(101, 61, 35, 'Ce code n''est valable que pour la première commande. Avez-vous déjà acheté chez nous ?', 1),
(102, 35, 61, 'Ah oui, c''est ma deuxième commande. Tant pis !', 1),
(103, 61, 35, 'Je vous offre la livraison gratuite exceptionnellement. Passez la commande.', 1);

-- Conversation 11 : Entre Client ID 34 et Vendeur ID 58
INSERT INTO `messages` (`id`, `sender_id`, `receiver_id`, `message`, `is_read`) VALUES 
(104, 34, 58, 'Bonjour, j''ai passé commande hier, quand est-ce que ça sera expédié ?', 1),
(105, 58, 34, 'Bonjour, votre commande a été remise au livreur ce matin.', 1),
(106, 34, 58, 'Ah super rapide ! Vous avez un numéro de suivi ?', 1),
(107, 58, 34, 'Le livreur va vous appeler d''ici demain pour fixer le rdv.', 1),
(108, 34, 58, 'Merci beaucoup.', 1),
(109, 58, 34, 'Je vous en prie.', 0);

-- Conversation 12 : Entre Client ID 35 et Vendeur ID 66
INSERT INTO `messages` (`id`, `sender_id`, `receiver_id`, `message`, `is_read`) VALUES 
(110, 35, 66, 'Salut, le produit est cassé à l''arrivée...', 1),
(111, 66, 35, 'Bonjour, je suis vraiment désolé. Pouvez-vous m''envoyer une photo ?', 1),
(112, 35, 66, 'Oui je viens de l''envoyer sur Whatsapp au numéro affiché.', 1),
(113, 66, 35, 'Je vois, c''est un problème de transport. On vous envoie un remplaçant demain.', 1),
(114, 35, 66, 'Merci pour votre réactivité.', 1),
(115, 66, 35, 'C''est la moindre des choses, encore désolé.', 0);

-- Conversation 13 : Entre Client ID 27 et Vendeur ID 68
INSERT INTO `messages` (`id`, `sender_id`, `receiver_id`, `message`, `is_read`) VALUES 
(116, 27, 68, 'Bonjour, je veux annuler ma commande numéro 45 s''il vous plaît.', 1),
(117, 68, 27, 'Bonjour, la commande n''est pas encore partie. Puis-je savoir pourquoi ?', 1),
(118, 27, 68, 'J''ai trouvé le même produit moins cher ailleurs.', 1),
(119, 68, 27, 'Je comprends. C''est annulé, bonne journée.', 1),
(120, 27, 68, 'Merci de votre compréhension.', 1),
(121, 68, 27, 'Au revoir.', 1);

-- Conversation 14 : Entre Client ID 23 et Vendeur ID 56
INSERT INTO `messages` (`id`, `sender_id`, `receiver_id`, `message`, `is_read`) VALUES 
(122, 23, 56, 'Coucou, l''emballage est comment ? C''est pour offrir en cadeau.', 1),
(123, 56, 23, 'Bonjour, il vient dans une belle boîte cartonnée avec le logo de la marque.', 1),
(124, 23, 56, 'Est-ce que je peux avoir un ruban ou un mot avec ?', 1),
(125, 56, 23, 'Oui, on peut rajouter une carte avec votre texte gratuitement.', 1),
(126, 23, 56, 'C''est génial, voici le texte: Joyeux anniversaire mon amour.', 1),
(127, 56, 23, 'C''est noté, on s''en occupe !', 1);

-- Conversation 15 : Entre Client ID 38 et Vendeur ID 69
INSERT INTO `messages` (`id`, `sender_id`, `receiver_id`, `message`, `is_read`) VALUES 
(128, 38, 69, 'Bonjour, avez-vous une boutique physique pour voir le produit ?', 1),
(129, 69, 38, 'Bonjour, non nous sommes exclusivement en ligne.', 1),
(130, 38, 69, 'Est-ce que je peux essayer avant d''acheter ?', 1),
(131, 69, 38, 'Oui, le livreur peut attendre que vous essayiez le produit.', 1),
(132, 38, 69, 'Super, je commande de suite.', 1),
(133, 69, 38, 'Merci, à très bientôt.', 0);

-- Conversation 16 : Entre Client ID 30 et Vendeur ID 69
INSERT INTO `messages` (`id`, `sender_id`, `receiver_id`, `message`, `is_read`) VALUES 
(134, 30, 69, 'Bonsoir, c''est du cuir véritable ?', 1),
(135, 69, 30, 'Bonsoir, oui c''est du cuir de vachette 100% véritable.', 1),
(136, 30, 69, 'D''accord, et ça ne s''abîme pas avec l''eau ?', 1),
(137, 69, 30, 'Il vaut mieux éviter le contact prolongé avec l''eau pour préserver le cuir.', 1),
(138, 30, 69, 'Merci pour le conseil.', 1),
(139, 69, 30, 'Avec plaisir.', 0);

